Prov/Terr,FSA,Total,Total Income,Income per capita,Net Income,Taxable Income
10,A0A,40180,1670559000,41576.87904,1560593000,1482485000
10,A0B,17860,706289000,39545.85666,662643000,632585000
10,A0C,11130,376387000,33817.34052,356362000,333136000
10,A0E,19710,767887000,38959.25926,720587000,684482000
10,A0G,31220,1069982000,34272.32543,1005619000,944799000
10,A0H,15760,519168000,32942.13198,487009000,458075000
10,A0J,6960,244220000,35089.08046,229317000,215439000
10,A0K,23240,864269000,37188.85542,813169000,762118000
10,A0L,6570,272435000,41466.51446,252322000,243149000
10,A0M,5340,194808000,36480.89888,180748000,172753000
10,A0N,12760,391484000,30680.56426,369642000,339042000
10,A0P,9950,493057000,49553.46734,459783000,418943000
10,A0R,1910,133730000,70015.70681,123291000,112334000
10,A1A,23380,1373682000,58754.57656,1245583000,1222086000
10,A1B,15090,737780000,48891.98144,676027000,655638000
10,A1C,10650,480390000,45107.04225,446152000,419261000
10,A1E,22320,997102000,44673.02867,916761000,881895000
10,A1G,4600,216312000,47024.34783,199651000,193228000
10,A1H,3910,278429000,71209.46292,251851000,249453000
10,A1K,9470,558724000,58999.36642,509152000,501326000
10,A1L,15780,956843000,60636.43853,872128000,856956000
10,A1M,6240,365556000,58582.69231,333032000,327627000
10,A1N,19330,930936000,48160.16555,851222000,831399000
10,A1S,5600,260703000,46554.10714,239254000,232529000
10,A1V,9450,466491000,49364.12698,423665000,413026000
10,A1W,9050,477312000,52741.65746,437233000,428247000
10,A1X,11760,555721000,47255.18707,511695000,498964000
10,A1Y,4730,189846000,40136.57505,177304000,168401000
10,A2A,7790,357999000,45956.22593,328103000,318108000
10,A2B,4060,136099000,33521.92118,127708000,120453000
10,A2H,21610,927469000,42918.50995,857449000,825825000
10,A2N,7440,279621000,37583.46774,257978000,242617000
10,A2V,5590,392980000,70300.53667,366646000,336678000
10,A5A,6890,311612000,45226.70537,287968000,279334000
10,A8A,5800,220043000,37938.44828,205755000,196850000
11,C0A,35990,1420723000,39475.49319,1313509000,1263772000
11,C0B,24090,905083000,37570.90079,842166000,802358000
11,C1A,21030,823455000,39156.20542,762275000,731746000
11,C1B,10170,490358000,48216.12586,443974000,436787000
11,C1C,3520,139817000,39720.73864,128389000,125457000
11,C1E,9130,400542000,43870.97481,365592000,356480000
11,C1N,13890,524672000,37773.36213,484506000,465394000
12,B0C,2340,86440000,36940.17094,81112000,78126000
12,B0E,21890,775715000,35436.95751,721931000,690681000
12,B0H,8420,306718000,36427.31591,286011000,271938000
12,B0J,33390,1339188000,40107.45732,1233368000,1181539000
12,B0K,29850,1086132000,36386.33166,1006335000,968002000
12,B0L,2060,63753000,30948.05825,59436000,56364000
12,B0M,14270,476923000,33421.37351,444684000,424811000
12,B0N,32150,1182124000,36769.02022,1099565000,1062728000
12,B0P,32830,1241299000,37809.89948,1139792000,1098725000
12,B0R,5020,172765000,34415.33865,159592000,151220000
12,B0S,14810,481880000,32537.47468,446418000,423469000
12,B0T,12670,442397000,34916.89029,411422000,387575000
12,B0V,5040,174585000,34639.88095,164066000,152403000
12,B0W,24210,919410000,37976.45601,864800000,827976000
12,B1A,12740,414393000,32526.92308,387001000,362469000
12,B1B,1080,40956000,37922.22222,38353000,36660000
12,B1C,1560,63840000,40923.07692,59749000,56452000
12,B1E,1350,44137000,32694.07407,41411000,38850000
12,B1G,1660,54047000,32558.43373,50445000,47340000
12,B1H,8190,272651000,33290.72039,254001000,233881000
12,B1J,960,48117000,50121.875,43843000,42151000
12,B1K,2620,115150000,43950.38168,106013000,102208000
12,B1L,4110,185165000,45052.31144,169179000,165319000
12,B1M,1040,44739000,43018.26923,41249000,39798000
12,B1N,4690,140631000,29985.28785,132215000,123857000
12,B1P,12280,424523000,34570.27687,394913000,376343000
12,B1R,3590,154604000,43065.18106,141808000,138346000
12,B1S,6670,273111000,40946.17691,252356000,243613000
12,B1T,330,13390000,40575.75758,12262000,11932000
12,B1V,5200,172288000,33132.30769,161147000,151467000
12,B1W,2070,8173000,3948.309179,7704000,5780000
12,B1X,710,31314000,44104.22535,28826000,27149000
12,B1Y,5260,211035000,40120.72243,196310000,187759000
12,B2A,6750,232432000,34434.37037,216043000,204488000
12,B2C,260,10384000,39938.46154,9124000,8744000
12,B2E,40,970000,24250,893000,766000
12,B2G,11530,517863000,44914.39722,477540000,459839000
12,B2H,12050,503753000,41805.22822,462923000,445712000
12,B2J,80,3614000,45175,3428000,3226000
12,B2N,16590,614341000,37030.80169,569929000,546783000
12,B2R,2120,124293000,58628.77358,112766000,111552000
12,B2S,6020,266381000,44249.33555,245482000,242083000
12,B2T,13200,763151000,57814.4697,694201000,679425000
12,B2V,9840,502829000,51100.50813,452988000,448906000
12,B2W,26840,1260594000,46966.98957,1143371000,1125210000
12,B2X,9320,444721000,47716.84549,401817000,393655000
12,B2Y,11840,511692000,43217.22973,467093000,452565000
12,B2Z,6750,301467000,44661.77778,273632000,266881000
12,B3A,16310,620574000,38048.68179,573139000,552276000
12,B3B,1120,48190000,43026.78571,44523000,43663000
12,B3E,5440,254084000,46706.61765,233044000,228117000
12,B3G,8280,354341000,42794.80676,324419000,318823000
12,B3H,12950,862894000,66632.74131,793042000,777447000
12,B3J,5040,295327000,58596.62698,273235000,267237000
12,B3K,15840,657000000,41477.27273,607599000,588638000
12,B3L,13310,604859000,45443.95192,550958000,540018000
12,B3M,25190,1095844000,43503.13617,1002718000,979780000
12,B3N,10800,524580000,48572.22222,480748000,470816000
12,B3P,7400,358802000,48486.75676,329007000,320669000
12,B3R,6650,210554000,31662.25564,195607000,184523000
12,B3S,10080,437276000,43380.55556,401411000,395131000
12,B3T,13280,622672000,46887.95181,567032000,557620000
12,B3V,4910,230851000,47016.49695,210969000,206922000
12,B3Z,13280,733377000,55224.17169,663136000,651777000
12,B4A,14370,850196000,59164.64857,770965000,758942000
12,B4B,10000,620883000,62088.3,560464000,554187000
12,B4C,14780,603902000,40859.4046,551563000,541653000
12,B4E,14190,639393000,45059.40803,583912000,575790000
12,B4G,3840,181351000,47226.82292,165744000,164211000
12,B4H,10970,394652000,35975.56974,365727000,349206000
12,B4N,14230,533289000,37476.38791,492648000,472699000
12,B4P,6420,267613000,41684.26791,242669000,236991000
12,B4R,2370,100238000,42294.51477,91444000,89987000
12,B4V,17010,633007000,37213.8154,584000000,560647000
12,B5A,13180,453955000,34442.71624,425429000,405463000
12,B6L,10230,420885000,41142.22874,386235000,376937000
12,B9A,3680,150671000,40943.20652,138687000,134356000
13,E0A,0,0,#DIV/0!,0,0
13,E0C,0,0,#DIV/0!,0,0
13,E0G,0,0,#DIV/0!,0,0
13,E1A,34130,1553280000,45510.6944,1415355000,1381134000
13,E1B,16100,695225000,43181.67702,635202000,624567000
13,E1C,19520,641919000,32885.19467,598674000,568290000
13,E1E,8820,386839000,43859.29705,356237000,347647000
13,E1G,17580,842402000,47918.2025,764777000,755551000
13,E1H,6180,254824000,41233.65696,234394000,228490000
13,E1J,2840,125384000,44149.29577,115146000,113069000
13,E1N,9360,346977000,37070.19231,319272000,307645000
13,E1V,11330,451245000,39827.44925,415585000,401265000
13,E1W,6190,237518000,38371.24394,221833000,212009000
13,E1X,12280,412519000,33592.75244,387324000,364162000
13,E2A,14790,555677000,37571.12914,513733000,491112000
13,E2E,15320,907824000,59257.44125,816304000,806472000
13,E2G,3980,211763000,53206.78392,191349000,188781000
13,E2H,3830,231645000,60481.72324,211927000,207091000
13,E2J,12910,460622000,35679.47328,427471000,412738000
13,E2K,13360,537490000,40231.28743,496485000,474934000
13,E2L,6230,201214000,32297.5923,188522000,174605000
13,E2M,15240,638331000,41885.23622,584790000,570144000
13,E2N,3640,155735000,42784.34066,142434000,139778000
13,E2P,1090,41523000,38094.49541,38488000,37667000
13,E2R,0,0,#DIV/0!,0,0
13,E2S,5560,241394000,43416.18705,222294000,217600000
13,E2V,10680,465263000,43563.95131,419238000,414187000
13,E3A,22230,904069000,40668.8709,824747000,804999000
13,E3B,28840,1354052000,46950.48544,1227123000,1202013000
13,E3C,9370,497005000,53042.15582,443930000,439327000
13,E3E,3490,174966000,50133.52436,157193000,153233000
13,E3G,6690,316720000,47342.30194,286691000,280632000
13,E3L,7260,255570000,35202.47934,236956000,226499000
13,E3N,11730,405391000,34560.18755,373795000,352418000
13,E3V,10060,386397000,38409.24453,352642000,334594000
13,E3Y,6170,214313000,34734.68395,201012000,191127000
13,E3Z,3550,138572000,39034.3662,129799000,121760000
13,E4A,2600,84748000,32595.38462,79307000,75144000
13,E4B,3650,120517000,33018.35616,112240000,105455000
13,E4C,1840,67362000,36609.78261,62230000,59244000
13,E4E,7290,283881000,38941.15226,255618000,246047000
13,E4G,2170,84505000,38942.39631,75522000,72738000
13,E4H,3430,117628000,34293.87755,110045000,105764000
13,E4J,3870,138562000,35804.13437,129671000,125444000
13,E4K,4770,184951000,38773.79455,170994000,166894000
13,E4L,5840,237651000,40693.66438,217884000,212080000
13,E4M,1520,53977000,35511.18421,49243000,46540000
13,E4N,3540,131447000,37131.9209,121555000,117085000
13,E4P,12620,505918000,40088.58954,463912000,449632000
13,E4R,5670,230283000,40614.28571,211498000,204900000
13,E4S,6350,210086000,33084.40945,197813000,187489000
13,E4T,1880,57589000,30632.44681,54803000,51023000
13,E4V,3660,132650000,36243.1694,123949000,119734000
13,E4W,6890,186829000,27115.96517,175229000,165704000
13,E4X,2590,81997000,31659.07336,77637000,72971000
13,E4Y,2740,81074000,29589.05109,75812000,70606000
13,E4Z,4490,152522000,33969.26503,141277000,135749000
13,E5A,1490,44343000,29760.40268,41986000,39561000
13,E5B,2510,112856000,44962.5498,101981000,99494000
13,E5C,3470,134953000,38891.35447,125046000,121262000
13,E5E,710,26718000,37630.98592,25072000,24171000
13,E5G,2010,98867000,49187.56219,93091000,91123000
13,E5H,2380,85320000,35848.7395,79827000,77375000
13,E5J,1630,73165000,44886.50307,67030000,65033000
13,E5K,5760,267744000,46483.33333,242832000,239029000
13,E5L,2360,79773000,33802.11864,74254000,71838000
13,E5M,1670,61179000,36634.13174,56448000,54467000
13,E5N,9430,403413000,42779.74549,369421000,361168000
13,E5P,2080,77825000,37415.86538,71673000,69136000
13,E5R,1250,45074000,36059.2,42046000,40738000
13,E5S,1490,62841000,42175.16779,57467000,56150000
13,E5T,2480,91337000,36829.43548,84620000,81428000
13,E5V,670,29315000,43753.73134,27514000,25592000
13,E6A,1010,30091000,29793.06931,28224000,26465000
13,E6B,1290,42746000,33136.43411,39733000,37605000
13,E6C,1680,58503000,34823.21429,54171000,52406000
13,E6E,1180,36789000,31177.11864,34640000,33313000
13,E6G,2070,81393000,39320.28986,74580000,72377000
13,E6H,1000,36141000,36141,33269000,32176000
13,E6J,1020,34018000,33350.98039,31749000,30381000
13,E6K,3010,118564000,39390.03322,109518000,106253000
13,E6L,3710,146449000,39474.12399,134993000,131626000
13,E7A,3210,110240000,34342.67913,103394000,97463000
13,E7B,4980,182957000,36738.35341,169112000,161953000
13,E7C,4530,156834000,34621.19205,144047000,137525000
13,E7E,3610,114771000,31792.52078,107845000,101111000
13,E7G,3180,96226000,30259.74843,90711000,85134000
13,E7H,4420,123382000,27914.47964,115812000,109318000
13,E7J,1630,55712000,34179.1411,52128000,47659000
13,E7K,1990,65574000,32951.75879,61866000,58690000
13,E7L,4170,158397000,37984.89209,146838000,141828000
13,E7M,8030,322258000,40131.75592,300177000,288689000
13,E7N,2480,90373000,36440.72581,84051000,81385000
13,E7P,2890,103523000,35821.10727,96576000,91962000
13,E8A,3120,107275000,34383.01282,101249000,95067000
13,E8B,2070,63089000,30477.77778,60157000,55470000
13,E8C,3030,97058000,32032.34323,89667000,84991000
13,E8E,4460,168540000,37789.23767,155509000,149538000
13,E8G,2420,71532000,29558.67769,67207000,61550000
13,E8J,4910,169461000,34513.44196,157718000,150511000
13,E8K,7450,278541000,37388.05369,256354000,245078000
13,E8L,2090,65471000,31325.83732,61576000,57612000
13,E8M,1810,56445000,31185.08287,53473000,50447000
13,E8N,2190,69170000,31584.47489,65556000,61372000
13,E8P,3080,103507000,33606.16883,97631000,91011000
13,E8R,2920,81334000,27854.10959,77535000,71206000
13,E8S,4150,152339000,36708.19277,142549000,135018000
13,E8T,5270,186933000,35471.1575,176330000,166066000
13,E9A,2020,72473000,35877.72277,68875000,66035000
13,E9B,1980,63981000,32313.63636,60089000,57057000
13,E9C,1870,58764000,31424.59893,55345000,51991000
13,E9E,3210,106242000,33097.19626,99352000,95217000
13,E9G,4400,115262000,26195.90909,109774000,102219000
13,E9H,2720,79110000,29084.55882,75694000,70589000
24,G0A,70410,3052126000,43347.90513,2741472000,2650398000
24,G0C,41310,1378584000,33371.67756,1280527000,1191449000
24,G0E,4280,129889000,30347.8972,121633000,111521000
24,G0G,14100,601842000,42683.82979,558282000,510217000
24,G0H,8590,283616000,33016.99651,261108000,246350000
24,G0J,24750,759700000,30694.94949,709889000,656310000
24,G0K,9690,338053000,34886.79051,312439000,295187000
24,G0L,50150,1738741000,34670.80758,1607334000,1512191000
24,G0M,27720,959893000,34628.1746,891265000,841481000
24,G0N,16160,562999000,34839.04703,519317000,487817000
24,G0P,5510,186778000,33898.00363,173410000,162402000
24,G0R,69990,2538050000,36263.03758,2332075000,2208487000
24,G0S,55260,2111824000,38216.14187,1943887000,1858681000
24,G0T,12230,434126000,35496.81112,400246000,378196000
24,G0V,14460,569176000,39362.10235,515588000,494997000
24,G0W,28100,899170000,31998.93238,824892000,775253000
24,G0X,48830,1749450000,35827.36023,1591655000,1510599000
24,G0Y,7650,255927000,33454.5098,238005000,222943000
24,G0Z,7230,238818000,33031.53527,223038000,208033000
24,G1B,13220,601318000,45485.47655,537569000,527007000
24,G1C,30280,1369453000,45226.321,1220750000,1188623000
24,G1E,22250,835680000,37558.65169,760042000,722339000
24,G1G,20200,885225000,43823.0198,791635000,774548000
24,G1H,24630,953006000,38692.89484,865557000,836451000
24,G1J,18520,579188000,31273.65011,535253000,496552000
24,G1K,14700,520889000,35434.62585,480131000,448601000
24,G1L,18030,581479000,32250.63783,536765000,503252000
24,G1M,15940,559606000,35107.02635,514804000,489881000
24,G1N,6660,202603000,30420.87087,188582000,175114000
24,G1P,13580,513814000,37836.08247,468502000,455877000
24,G1R,13540,657715000,48575.70162,598948000,575646000
24,G1S,20820,1191465000,57226.94524,1072390000,1043362000
24,G1T,5490,511352000,93142.4408,459696000,450069000
24,G1V,15860,734868000,46334.67844,663416000,643025000
24,G1W,17370,952486000,54835.11802,850875000,835423000
24,G1X,21100,1064375000,50444.3128,951994000,933917000
24,G1Y,10510,687677000,65430.73264,609713000,598627000
24,G2A,12460,589284000,47294.061,522655000,511360000
24,G2B,19750,866511000,43873.97468,775190000,755560000
24,G2C,9710,483649000,49809.37178,430456000,423270000
24,G2E,17390,815630000,46902.24267,725937000,711610000
24,G2G,8920,437122000,49004.70852,388027000,379221000
24,G2J,2560,132993000,51950.39063,120292000,118261000
24,G2K,9410,532238000,56560.89267,474194000,467075000
24,G2L,11540,566283000,49071.31716,502669000,494233000
24,G2M,4100,201114000,49052.19512,179160000,176326000
24,G2N,6300,279863000,44422.69841,252419000,247746000
24,G3A,15770,991920000,62899.17565,878807000,860431000
24,G3B,6180,437835000,70847.08738,389855000,379869000
24,G3C,7020,357365000,50906.69516,320724000,314058000
24,G3E,11950,564482000,47236.98745,506309000,496778000
24,G3G,7950,334060000,42020.12579,302076000,295516000
24,G3H,7400,311050000,42033.78378,281945000,273935000
24,G3J,8000,354749000,44343.625,319301000,313123000
24,G3K,13910,642467000,46187.41912,576703000,565678000
24,G3L,8710,326403000,37474.51206,299601000,287165000
24,G3M,5660,218232000,38556.89046,196558000,188692000
24,G3N,7670,382475000,49866.36245,342908000,335547000
24,G3Z,6180,229698000,37167.96117,208179000,197714000
24,G4A,2570,95519000,37166.92607,86338000,82415000
24,G4R,15810,697018000,44087.16003,638053000,618924000
24,G4S,4060,175645000,43262.31527,162208000,158459000
24,G4T,11100,410937000,37021.35135,382580000,343670000
24,G4V,5690,176732000,31060.10545,165157000,148574000
24,G4W,12110,440217000,36351.52766,406211000,383407000
24,G4X,12480,478199000,38317.22756,442897000,416613000
24,G4Z,7930,383939000,48416.01513,344423000,337988000
24,G5A,7190,257042000,35749.93046,234692000,223714000
24,G5B,4860,246369000,50693.20988,222602000,216105000
24,G5C,9590,421146000,43915.11992,381855000,368855000
24,G5H,5640,183893000,32605.14184,170659000,158099000
24,G5J,5130,184549000,35974.46394,169427000,159956000
24,G5L,24590,927641000,37724.31883,849700000,800870000
24,G5M,6870,320147000,46600.7278,288086000,282359000
24,G5N,6670,326175000,48901.7991,292959000,285497000
24,G5R,16550,648663000,39194.13897,591425000,564838000
24,G5T,2470,80291000,32506.47773,75069000,69147000
24,G5V,9710,340868000,35104.84037,316454000,300278000
24,G5X,5060,187534000,37062.05534,171966000,163359000
24,G5Y,19480,722329000,37080.54415,666090000,630505000
24,G5Z,5310,235050000,44265.53672,213729000,204693000
24,G6A,1690,82294000,48694.67456,74896000,72935000
24,G6B,6910,251716000,36427.78582,232886000,220000000
24,G6C,5720,257021000,44933.74126,231287000,227075000
24,G6E,11000,459348000,41758.90909,417436000,403464000
24,G6G,16760,595008000,35501.67064,543593000,514130000
24,G6H,6000,203860000,33976.66667,186264000,177061000
24,G6J,8200,378243000,46127.19512,339071000,332888000
24,G6K,6370,339754000,53336.57771,300977000,296465000
24,G6L,12470,427632000,34292.86287,395351000,374588000
24,G6P,24710,838573000,33936.58438,771348000,727204000
24,G6R,3550,151182000,42586.47887,137595000,133322000
24,G6S,4010,162623000,40554.36409,148122000,144506000
24,G6T,8160,355177000,43526.59314,321088000,312393000
24,G6V,27020,1135227000,42014.32272,1022400000,982736000
24,G6W,19520,897577000,45982.42828,807762000,789734000
24,G6X,7960,334039000,41964.69849,302028000,294835000
24,G6Y,4330,235053000,54284.75751,208820000,205745000
24,G6Z,18440,940144000,50983.94794,838160000,823907000
24,G7A,18150,1014043000,55870.13774,901104000,883164000
24,G7B,14750,572023000,38781.22034,514915000,496141000
24,G7G,13540,553534000,40881.38848,499475000,484248000
24,G7H,23830,1046239000,43904.28032,943514000,901845000
24,G7J,12290,496740000,40418.2262,450015000,433022000
24,G7K,540,22890000,42388.88889,20726000,20255000
24,G7N,5050,246280000,48768.31683,220856000,215646000
24,G7P,5750,240103000,41757.04348,216751000,209574000
24,G7S,16170,751198000,46456.27706,670643000,654808000
24,G7T,750,38791000,51721.33333,34406000,34087000
24,G7X,21640,774997000,35813.17006,704066000,667595000
24,G7Y,540,22174000,41062.96296,20268000,19451000
24,G7Z,2270,105656000,46544.49339,93491000,91758000
24,G8A,5060,197053000,38943.28063,177680000,169649000
24,G8B,18740,701790000,37448.77268,637052000,609006000
24,G8C,3370,168446000,49983.97626,149610000,147095000
24,G8E,3120,125302000,40160.89744,114253000,110047000
24,G8G,3250,121894000,37505.84615,111612000,107476000
24,G8H,8490,310446000,36566.07774,284376000,269689000
24,G8J,3420,122239000,35742.39766,111792000,106800000
24,G8K,8600,331099000,38499.88372,298196000,286088000
24,G8L,12270,445636000,36319.1524,405394000,379244000
24,G8M,4350,156086000,35881.83908,142625000,135019000
24,G8N,2060,75390000,36597.08738,69264000,65798000
24,G8P,5980,280255000,46865.38462,253188000,229753000
24,G8T,23690,756626000,31938.62389,694632000,650154000
24,G8V,7810,360948000,46216.13316,320389000,313353000
24,G8W,8750,390796000,44662.4,348134000,338131000
24,G8Y,27330,1219060000,44605.19576,1081783000,1049201000
24,G8Z,10800,356265000,32987.5,326223000,306620000
24,G9A,16640,495436000,29773.79808,457850000,414159000
24,G9B,13760,666797000,48459.0843,597313000,581647000
24,G9C,2540,130337000,51313.77953,114014000,111689000
24,G9H,10530,456948000,43394.87179,410464000,394738000
24,G9N,13710,406702000,29664.62436,374569000,340009000
24,G9P,9830,369615000,37600.71211,333221000,318362000
24,G9R,1800,78108000,43393.33333,70201000,67617000
24,G9T,13610,468241000,34404.1881,425159000,399887000
24,G9X,9120,333607000,36579.71491,305305000,292570000
24,H0M,1330,5030000,3781.954887,4736000,3810000
24,H1A,26620,1062506000,39913.82419,966283000,931705000
24,H1B,16140,566889000,35123.2342,522024000,495966000
24,H1C,10760,448518000,41683.829,409663000,398283000
24,H1E,35030,1272053000,36313.24579,1177210000,1127381000
24,H1G,36740,1004124000,27330.53892,943083000,867547000
24,H1H,27720,747262000,26957.50361,701481000,649116000
24,H1J,8500,353136000,41545.41176,323246000,312715000
24,H1K,26480,1047353000,39552.60574,955861000,920696000
24,H1L,26720,960612000,35951.0479,884383000,844214000
24,H1M,24200,975430000,40307.02479,889279000,858455000
24,H1N,18930,673415000,35573.95668,619167000,590755000
24,H1P,14150,494703000,34961.34276,458469000,440204000
24,H1R,23270,778945000,33474.21573,722375000,690950000
24,H1S,20500,641557000,31295.46341,596935000,568707000
24,H1T,24890,978244000,39302.69184,895868000,858576000
24,H1V,17060,626831000,36742.73154,576822000,545081000
24,H1W,22680,757002000,33377.51323,703212000,665456000
24,H1X,23850,902391000,37836.10063,826695000,786202000
24,H1Y,21470,965944000,44990.40522,879221000,849019000
24,H1Z,25760,590502000,22923.21429,559292000,506784000
24,H2A,15140,422346000,27896.03699,393565000,368752000
24,H2B,13800,490868000,35570.14493,449935000,429412000
24,H2C,14260,646434000,45331.97756,586553000,567105000
24,H2E,18650,586937000,31471.15282,543835000,515104000
24,H2G,17170,698759000,40696.50553,636341000,613853000
24,H2H,11190,483314000,43191.59964,442465000,431858000
24,H2J,20520,1080159000,52639.32749,984671000,965607000
24,H2K,22420,772568000,34458.876,717859000,680381000
24,H2L,20000,894460000,44723,827539000,790307000
24,H2M,14540,637502000,43844.70426,578217000,560521000
24,H2N,5000,149911000,29982.2,140396000,132922000
24,H2P,11490,477614000,41567.79809,434078000,421871000
24,H2R,17960,767039000,42708.18486,700488000,679696000
24,H2S,21530,921600000,42805.38783,844339000,818755000
24,H2T,12410,567347000,45716.92184,521792000,501996000
24,H2V,21870,1677998000,76726.01738,1537680000,1505863000
24,H2W,8150,369580000,45347.23926,340103000,326754000
24,H2X,15110,543323000,35957.84249,506158000,473215000
24,H2Y,3150,337376000,107103.4921,301343000,291706000
24,H2Z,2090,114224000,54652.63158,106060000,99346000
24,H3A,3290,226044000,68706.38298,206964000,201827000
24,H3B,15900,475880000,29929.55975,454202000,315056000
24,H3C,9530,670492000,70355.92865,611405000,595609000
24,H3E,16490,1412679000,85668.82959,1276701000,1244536000
24,H3G,6370,616664000,96807.53532,569406000,557686000
24,H3H,14760,575618000,38998.50949,536324000,515946000
24,H3J,8230,358373000,43544.71446,328683000,307261000
24,H3K,11490,493044000,42910.70496,452495000,428241000
24,H3L,15610,746175000,47801.08905,678627000,656951000
24,H3M,12300,457506000,37195.60976,421791000,402066000
24,H3N,21270,445942000,20965.77339,426736000,379131000
24,H3P,7900,763316000,96622.27848,694343000,684462000
24,H3R,7530,838805000,111395.0863,767980000,747795000
24,H3S,24120,806411000,33433.29187,750635000,705211000
24,H3T,9280,362783000,39092.99569,334143000,320007000
24,H3V,5430,197128000,36303.49908,181036000,172893000
24,H3W,23040,783747000,34016.79688,730068000,692795000
24,H3X,18070,1271932000,70389.15329,1162207000,1129664000
24,H3Y,7560,1516340000,200574.0741,1418090000,1384812000
24,H3Z,9400,931962000,99144.89362,844825000,823236000
24,H4A,20060,1211497000,60393.66899,1101779000,1069656000
24,H4B,15840,612920000,38694.44444,561574000,539138000
24,H4C,13050,558081000,42764.82759,517902000,495198000
24,H4E,24320,804832000,33093.42105,744972000,706719000
24,H4G,23570,832663000,35327.23801,771057000,734406000
24,H4H,15540,633993000,40797.49035,579726000,551683000
24,H4J,13270,420726000,31705.04898,388041000,356433000
24,H4K,9100,474893000,52186.04396,434140000,419252000
24,H4L,28440,946958000,33296.6948,874721000,825455000
24,H4M,9570,430457000,44979.83281,390498000,377979000
24,H4N,21680,602778000,27803.41328,561729000,526323000
24,H4P,6010,327629000,54513.97671,303525000,293932000
24,H4R,21230,1237975000,58312.52944,1130672000,1100287000
24,H4S,490,29185000,59561.22449,26814000,26420000
24,H4T,90,27077000,300855.5556,26577000,26424000
24,H4V,15590,590142000,37853.88069,542423000,521614000
24,H4W,19090,1015755000,53208.74804,919269000,893210000
24,H4X,4930,358238000,72664.90872,323022000,316400000
24,H4Z,0,0,#DIV/0!,0,0
24,H5A,0,0,#DIV/0!,0,0
24,H5B,120,12219000,101825,10497000,9885000
24,H7A,16140,660611000,40930.04957,604378000,587123000
24,H7B,2250,98962000,43983.11111,89391000,86759000
24,H7C,6320,243899000,38591.61392,224256000,217176000
24,H7E,21200,1141677000,53852.68868,1037697000,1013747000
24,H7G,17210,656517000,38147.41429,598558000,573720000
24,H7H,10600,477332000,45031.32075,432573000,423697000
24,H7J,2100,97586000,46469.52381,89281000,87499000
24,H7K,17740,869472000,49011.95039,785863000,769241000
24,H7L,28390,1426557000,50248.57344,1285236000,1258359000
24,H7M,23520,983450000,41813.35034,893247000,868878000
24,H7N,33920,1207021000,35584.34552,1112040000,1069338000
24,H7P,28160,1261058000,44781.8892,1147875000,1122866000
24,H7R,23170,1031733000,44528.83038,950577000,926432000
24,H7S,6120,234406000,38301.63399,212071000,204335000
24,H7T,19540,818604000,41893.7564,748436000,724579000
24,H7V,18180,549681000,30235.47855,512790000,480593000
24,H7W,33560,1170018000,34863.46841,1081153000,1031837000
24,H7X,20100,1015596000,50527.16418,920466000,899400000
24,H7Y,7230,451235000,62411.47994,405084000,400541000
24,H8N,24100,810207000,33618.54772,752428000,725004000
24,H8P,18090,719138000,39753.34439,659369000,636538000
24,H8R,23020,745987000,32406.03823,692460000,657036000
24,H8S,19040,653153000,34304.2542,603284000,564920000
24,H8T,11620,623383000,53647.41824,560395000,547449000
24,H8Y,14630,561223000,38361.10731,513516000,493660000
24,H8Z,11950,469339000,39275.23013,429141000,415845000
24,H9A,12310,674775000,54815.1909,613644000,589555000
24,H9B,16600,687179000,41396.3253,628959000,607845000
24,H9C,9390,536026000,57084.77103,484650000,475726000
24,H9E,2500,158305000,63322,144560000,139956000
24,H9G,12510,579709000,46339.64828,528188000,514277000
24,H9H,20480,942135000,46002.68555,859200000,833665000
24,H9J,17300,925070000,53472.25434,836953000,819565000
24,H9K,6310,340292000,53929.00158,307120000,301063000
24,H9P,3170,124312000,39215.14196,114371000,111968000
24,H9R,19080,952904000,49942.55765,861754000,844019000
24,H9S,18310,1045607000,57105.78919,949026000,923621000
24,H9W,15070,1230526000,81654.0146,1108505000,1081369000
24,H9X,7540,613735000,81397.21485,558545000,536628000
24,J0A,15300,571231000,37335.35948,526970000,498545000
24,J0B,50960,1949801000,38261.4011,1787446000,1707675000
24,J0C,18360,658332000,35856.86275,611125000,582433000
24,J0E,40180,1651698000,41107.4664,1506760000,1447244000
24,J0G,15570,550206000,35337.57225,506556000,477718000
24,J0H,41830,1574684000,37644.8482,1455747000,1389238000
24,J0J,34080,1291829000,37905.78052,1195377000,1139142000
24,J0K,117060,4028668000,34415.4109,3709446000,3499721000
24,J0L,66910,2627534000,39269.67568,2415146000,2325386000
24,J0M,13440,328583000,24448.13988,311666000,259437000
24,J0N,39360,1642537000,41731.12297,1503374000,1460004000
24,J0P,32130,1544138000,48059.07252,1408270000,1367831000
24,J0R,30340,1553037000,51187.77192,1401778000,1363521000
24,J0S,26570,993678000,37398.49454,915164000,866099000
24,J0T,39630,1477752000,37288.72067,1353687000,1296059000
24,J0V,21940,767794000,34995.16864,704590000,664032000
24,J0W,14010,438279000,31283.29764,406255000,376151000
24,J0X,36410,1332609000,36600.08239,1231743000,1167292000
24,J0Y,22580,901346000,39917.89194,826953000,780185000
24,J0Z,27400,1087283000,39681.86131,1006656000,954674000
24,J1A,7560,258742000,34225.13228,240949000,229540000
24,J1C,5240,215331000,41093.70229,195605000,187925000
24,J1E,18770,611890000,32599.36068,564384000,531471000
24,J1G,16050,584563000,36421.37072,534337000,506045000
24,J1H,21360,608381000,28482.25655,567566000,521857000
24,J1J,12110,614322000,50728.48885,553714000,537975000
24,J1K,5440,191556000,35212.5,173830000,164362000
24,J1L,12060,500916000,41535.32338,455621000,441337000
24,J1M,4270,173365000,40600.70258,157672000,151393000
24,J1N,24860,1143011000,45977.91633,1032105000,1011653000
24,J1R,7990,354378000,44352.69086,321741000,314576000
24,J1S,6380,231685000,36314.26332,212198000,202149000
24,J1T,6440,196501000,30512.57764,182298000,169183000
24,J1X,26920,1155014000,42905.42348,1052650000,1013321000
24,J1Z,4290,161085000,37548.95105,148278000,142608000
24,J2A,9130,353052000,38669.4414,324317000,313238000
24,J2B,24160,842701000,34880.00828,778596000,734857000
24,J2C,25030,966478000,38612.78466,886536000,844709000
24,J2E,3290,124263000,37769.90881,115109000,111546000
24,J2G,23630,760668000,32190.77444,705762000,660167000
24,J2H,16350,773865000,47331.19266,695891000,679035000
24,J2J,14320,529480000,36974.86034,483820000,465498000
24,J2K,13400,479745000,35801.86567,442003000,422879000
24,J2L,7530,471433000,62607.30412,424395000,411968000
24,J2M,5640,275494000,48846.4539,248377000,241287000
24,J2N,7030,245790000,34963.01565,227769000,216647000
24,J2R,8490,353448000,41631.09541,322670000,313731000
24,J2S,23690,858286000,36229.88603,787248000,740979000
24,J2T,13660,525232000,38450.36603,478654000,462816000
24,J2W,22360,1120610000,50116.7263,1011124000,993581000
24,J2X,15710,632618000,40268.49141,582776000,560540000
24,J2Y,4570,209488000,45839.82495,191130000,186434000
24,J3A,7260,238820000,32895.3168,224152000,209736000
24,J3B,26490,994145000,37529.06757,912666000,872267000
24,J3E,23650,1300540000,54991.12051,1164801000,1147039000
24,J3G,25480,1233036000,48392.30769,1112364000,1090871000
24,J3H,20960,1231898000,58773.75954,1106038000,1082398000
24,J3L,38270,1965582000,51360.90933,1778790000,1742989000
24,J3M,8480,343199000,40471.58019,315096000,304518000
24,J3N,12950,689187000,53219.07336,617012000,609344000
24,J3P,21390,795818000,37205.14259,724490000,686560000
24,J3R,11990,478296000,39891.2427,433109000,413675000
24,J3T,6900,271667000,39372.02899,245755000,230303000
24,J3V,21010,1408677000,67047.92956,1258766000,1238742000
24,J3X,17100,915359000,53529.76608,816839000,802250000
24,J3Y,50310,2158466000,42903.31942,1960259000,1917676000
24,J3Z,3680,191748000,52105.43478,172177000,169067000
24,J4B,34250,2330186000,68034.62774,2088340000,2041253000
24,J4G,8140,424859000,52193.98034,384602000,375708000
24,J4H,12780,566067000,44293.19249,515634000,487258000
24,J4J,23660,827352000,34968.38546,763326000,724552000
24,J4K,20500,666080000,32491.70732,617747000,586468000
24,J4L,24140,829462000,34360.48053,761020000,725482000
24,J4M,10070,502934000,49943.79345,451385000,442996000
24,J4N,8550,574400000,67181.28655,516882000,505809000
24,J4P,8550,577313000,67521.9883,521862000,508625000
24,J4R,8160,547936000,67149.01961,499756000,486663000
24,J4S,5100,389252000,76323.92157,351023000,343016000
24,J4T,14230,469793000,33014.26564,436332000,416700000
24,J4V,13160,514794000,39118.08511,468955000,452038000
24,J4W,14820,546359000,36866.32928,498211000,481603000
24,J4X,15080,822332000,54531.29973,740028000,718008000
24,J4Y,18640,919272000,49317.16738,831183000,811916000
24,J4Z,20720,827246000,39925,757012000,735125000
24,J5A,21540,981766000,45578.73723,891331000,874635000
24,J5B,5930,260991000,44011.97302,237521000,232234000
24,J5C,13630,579949000,42549.44974,528738000,517343000
24,J5J,12390,462224000,37306.21469,428263000,414277000
24,J5K,12060,543654000,45079.10448,493496000,482633000
24,J5L,16430,737266000,44873.15886,670505000,653901000
24,J5M,16140,554956000,34383.89095,517001000,489571000
24,J5R,35100,2139428000,60952.36467,1925167000,1885608000
24,J5T,10950,427693000,39058.72146,393052000,378416000
24,J5V,6190,190854000,30832.63328,177894000,163610000
24,J5W,20410,887790000,43497.7952,802416000,778531000
24,J5X,6770,256526000,37891.5805,235179000,225433000
24,J5Y,22760,1145336000,50322.31986,1028081000,1007353000
24,J5Z,22300,945412000,42395.15695,857489000,835087000
24,J6A,28560,1274343000,44619.85294,1152378000,1122924000
24,J6E,36620,1379876000,37680.93938,1261157000,1191699000
24,J6J,18930,737473000,38957.89752,675517000,653685000
24,J6K,19360,741978000,38325.30992,678086000,656152000
24,J6N,12570,514825000,40956.6428,470984000,453700000
24,J6R,10350,472729000,45674.29952,428751000,419479000
24,J6S,19940,729700000,36594.78435,670470000,636218000
24,J6T,14200,501286000,35301.83099,460734000,435027000
24,J6V,10050,525112000,52249.95025,472071000,464231000
24,J6W,25630,1125849000,43926.99961,1027301000,998084000
24,J6X,18890,858133000,45427.89836,773114000,756146000
24,J6Y,14500,734947000,50686,665910000,653364000
24,J6Z,15080,875668000,58068.16976,791106000,776296000
24,J7A,11470,712653000,62131.90933,642213000,627496000
24,J7B,10110,795257000,78660.43521,720593000,706383000
24,J7C,34080,1700885000,49908.59742,1539705000,1509957000
24,J7E,23400,942808000,40290.94017,863037000,833894000
24,J7G,13910,631810000,45421.27965,571947000,559762000
24,J7H,5540,265977000,48010.28881,239614000,235983000
24,J7J,18200,834722000,45863.84615,759170000,743098000
24,J7K,27190,1228036000,45164.98713,1117519000,1091984000
24,J7L,9350,410492000,43902.8877,375111000,365069000
24,J7M,18300,689266000,37664.80874,637027000,615292000
24,J7N,21320,939048000,44045.40338,860818000,839409000
24,J7P,20280,850966000,41960.84813,771064000,749676000
24,J7R,29690,1273281000,42885.85382,1161803000,1129534000
24,J7T,20580,1124862000,54658.01749,1022742000,1007241000
24,J7V,48900,2333102000,47711.69734,2118164000,2075881000
24,J7W,11060,516730000,46720.61483,470467000,460410000
24,J7X,4170,177377000,42536.45084,162597000,156811000
24,J7Y,20460,715006000,34946.52981,663127000,630080000
24,J7Z,24170,784809000,32470.3765,726445000,680975000
24,J8A,7630,344986000,45214.41678,316209000,306349000
24,J8B,10880,461000000,42371.32353,418643000,403438000
24,J8C,9020,316441000,35082.15078,290380000,273117000
24,J8E,8320,342496000,41165.38462,314288000,299982000
24,J8G,6470,230143000,35570.78825,212019000,202105000
24,J8H,11430,393224000,34402.79965,362049000,337167000
24,J8L,14830,607492000,40963.72218,553531000,532545000
24,J8M,9560,399806000,41820.7113,364913000,354928000
24,J8N,9470,445447000,47037.69799,404801000,395148000
24,J8P,26420,1035196000,39182.28615,948208000,915126000
24,J8R,21810,1094824000,50198.25768,983713000,969607000
24,J8T,31960,1322651000,41384.57447,1206936000,1166387000
24,J8V,20160,1147000000,56894.84127,1026242000,1013099000
24,J8X,6890,225639000,32748.76633,209877000,194903000
24,J8Y,18030,662821000,36762.11869,609770000,581116000
24,J8Z,11370,546135000,48032.98153,492860000,481440000
24,J9A,15910,875397000,55021.81018,783358000,773728000
24,J9B,5210,373010000,71595.0096,332227000,325965000
24,J9E,6460,183022000,28331.57895,169703000,154352000
24,J9H,22580,1096414000,48556.86448,989238000,969028000
24,J9J,23020,1334271000,57961.38141,1192417000,1178795000
24,J9L,11750,403796000,34365.61702,373049000,348993000
24,J9P,26510,1272478000,47999.92456,1162969000,1109459000
24,J9T,10790,464775000,43074.60612,424795000,407026000
24,J9V,2900,116690000,40237.93103,107412000,102011000
24,J9X,19340,817359000,42262.61634,747907000,713259000
24,J9Y,8020,422871000,52727.05736,383047000,370370000
24,J9Z,6180,250439000,40524.11003,231584000,219070000
35,K0A,81320,4536224000,55782.39056,4113292000,4022158000
35,K0B,17260,737745000,42743.04751,678704000,647116000
35,K0C,42410,1885239000,44452.69983,1737115000,1664260000
35,K0E,31350,1331793000,42481.43541,1226620000,1178310000
35,K0G,29950,1438781000,48039.43239,1313624000,1275288000
35,K0H,35620,1674336000,47005.50253,1522388000,1477173000
35,K0J,27630,1156277000,41848.60659,1053772000,1013412000
35,K0K,90940,3857719000,42420.48603,3530120000,3392867000
35,K0L,59460,2556094000,42988.46283,2344353000,2248058000
35,K0M,41600,1773394000,42629.66346,1620595000,1564592000
35,K1A,60,6577000,109616.6667,5863000,5857000
35,K1B,13340,630289000,47248.05097,569448000,554039000
35,K1C,30560,1784404000,58390.18325,1592047000,1564289000
35,K1E,12370,660482000,53393.8561,591505000,580758000
35,K1G,26300,1244722000,47327.8327,1126587000,1087677000
35,K1H,12610,861183000,68293.65583,768950000,753022000
35,K1J,21010,1092022000,51976.297,986477000,947716000
35,K1K,23000,980119000,42613.86957,896141000,842990000
35,K1L,13260,570782000,43045.3997,526556000,495800000
35,K1M,5140,548453000,106702.9183,493437000,480795000
35,K1N,19360,1038540000,53643.59504,940069000,894235000
35,K1P,680,144399000,212351.4706,137567000,109598000
35,K1R,14010,715537000,51073.30478,652187000,620010000
35,K1S,21620,1720365000,79572.84921,1542162000,1512339000
35,K1T,26500,1231683000,46478.60377,1119514000,1084277000
35,K1V,40960,2054234000,50152.19727,1853549000,1787062000
35,K1W,7960,491472000,61742.71357,440917000,433275000
35,K1X,710,33452000,47115.49296,30835000,29930000
35,K1Y,15130,1062703000,70238.13615,952732000,926723000
35,K1Z,16160,834089000,51614.41832,758495000,727166000
35,K2A,13380,999607000,74709.04335,896196000,876079000
35,K2B,24890,1035665000,41609.6826,952351000,907356000
35,K2C,21120,1055172000,49960.79545,958705000,936550000
35,K2E,15170,774460000,51052.07647,702544000,680600000
35,K2G,37820,2062755000,54541.38022,1853233000,1813594000
35,K2H,20750,1191010000,57398.07229,1070112000,1047112000
35,K2J,52330,2887296000,55174.77546,2593699000,2552585000
35,K2K,18890,1214750000,64306.51138,1088713000,1070566000
35,K2L,15010,760390000,50658.89407,685365000,671360000
35,K2M,20740,1243677000,59965.13983,1113863000,1098048000
35,K2P,13230,785029000,59337.03704,717257000,691062000
35,K2R,1070,97376000,91005.60748,89392000,87523000
35,K2S,24510,1611517000,65749.36761,1444286000,1424812000
35,K2T,7470,492586000,65941.90094,438240000,429450000
35,K2V,2110,120701000,57204.2654,108541000,106892000
35,K2W,6050,420032000,69426.77686,375678000,369810000
35,K4A,41460,2429671000,58602.77376,2174264000,2144146000
35,K4B,3820,229852000,60170.68063,208192000,202534000
35,K4C,3660,248688000,67947.54098,223594000,218320000
35,K4K,12150,609659000,50177.69547,551991000,540090000
35,K4M,9560,783435000,81949.26778,706206000,692343000
35,K4P,7590,525075000,69179.8419,472019000,463824000
35,K4R,5860,332489000,56738.7372,299682000,294809000
35,K6A,10800,401623000,37187.31481,371408000,345104000
35,K6H,25030,862681000,34465.88094,797737000,744474000
35,K6J,14260,488555000,34260.51893,455449000,426694000
35,K6K,2560,107969000,42175.39063,98785000,96094000
35,K6T,550,25341000,46074.54545,23128000,22761000
35,K6V,22710,992107000,43685.90929,911969000,867253000
35,K7A,13460,529136000,39311.73848,490181000,465167000
35,K7C,14010,695841000,49667.45182,634296000,617254000
35,K7G,7000,335388000,47912.57143,307184000,297457000
35,K7H,12780,587258000,45951.3302,534555000,516637000
35,K7K,23620,964030000,40814.14056,880980000,829480000
35,K7L,13770,845088000,61371.67756,763185000,744427000
35,K7M,37080,1740232000,46931.82309,1582505000,1531498000
35,K7N,5910,262846000,44474.78849,240290000,234027000
35,K7P,17580,929516000,52873.49261,839360000,824802000
35,K7R,11670,489706000,41962.81063,449326000,428468000
35,K7S,10780,481751000,44689.3321,442637000,427795000
35,K7V,11100,452464000,40762.52252,416946000,396856000
35,K8A,21280,911190000,42819.07895,834818000,796283000
35,K8B,340,18494000,54394.11765,16548000,16338000
35,K8H,10720,544617000,50803.82463,487975000,478288000
35,K8N,24090,1095567000,45478.08219,999873000,960211000
35,K8P,17110,623705000,36452.65926,578906000,544134000
35,K8R,1140,51219000,44928.94737,46200000,45386000
35,K8V,21760,863929000,39702.61949,793346000,755941000
35,K9A,22060,1059161000,48012.73799,966892000,941572000
35,K9H,21980,863289000,39276.11465,793704000,753454000
35,K9J,34810,1457947000,41882.99339,1339002000,1280760000
35,K9K,10800,552301000,51138.98148,499936000,490176000
35,K9L,5990,284800000,47545.90985,258259000,251781000
35,K9V,22850,945069000,41359.69365,867092000,827195000
35,L0A,11120,581814000,52321.40288,528663000,518499000
35,L0B,12490,696235000,55743.39472,635817000,620293000
35,L0C,7500,395440000,52725.33333,361191000,350486000
35,L0E,16490,716378000,43443.17768,664207000,643270000
35,L0G,32460,1842553000,56763.8016,1694563000,1659163000
35,L0H,2180,166112000,76198.16514,154158000,151360000
35,L0J,3980,396671000,99666.0804,365099000,357754000
35,L0K,28370,1235409000,43546.31653,1132149000,1099750000
35,L0L,33690,1788920000,53099.43603,1631420000,1594120000
35,L0M,26600,1235934000,46463.68421,1142831000,1110836000
35,L0N,2550,141203000,55373.72549,130517000,127969000
35,L0P,6530,475861000,72873.04747,436878000,424975000
35,L0R,66900,3554761000,53135.44096,3258157000,3180439000
35,L0S,47290,2512440000,53128.35695,2270183000,2211477000
35,L1A,12890,627402000,48673.54538,572981000,558283000
35,L1B,9660,518290000,53653.20911,467785000,460802000
35,L1C,32820,1672695000,50965.72212,1527417000,1501615000
35,L1E,20970,1140822000,54402.57511,1040004000,1027080000
35,L1G,32720,1392617000,42561.64425,1282717000,1234708000
35,L1H,24480,949892000,38802.77778,882005000,838486000
35,L1J,32420,1288017000,39729.08698,1192579000,1143752000
35,L1K,28900,1423194000,49245.46713,1299055000,1276869000
35,L1L,4930,237274000,48128.60041,216997000,212830000
35,L1M,15070,1007135000,66830.45786,911274000,901324000
35,L1N,37540,1921821000,51193.95312,1748960000,1714038000
35,L1P,12620,707670000,56075.27734,642467000,631116000
35,L1R,30390,1706368000,56148.99638,1551240000,1524659000
35,L1S,32150,1479480000,46018.04044,1356623000,1325808000
35,L1T,38260,1770222000,46268.21746,1624894000,1587716000
35,L1V,41100,2158667000,52522.31144,1972522000,1933255000
35,L1W,13750,730569000,53132.29091,665461000,654156000
35,L1X,15180,766706000,50507.64163,702500000,684903000
35,L1Y,1640,119292000,72739.02439,109131000,104204000
35,L1Z,20380,971608000,47674.58292,892327000,874852000
35,L2A,13190,498341000,37781.72858,462665000,438330000
35,L2E,14840,494320000,33309.97305,461561000,431380000
35,L2G,22290,782638000,35111.61956,730679000,692185000
35,L2H,21230,914235000,43063.35374,836674000,812384000
35,L2J,12650,565604000,44711.77866,519275000,505250000
35,L2M,26120,1013738000,38810.79632,937104000,897141000
35,L2N,25310,1181465000,46679.77084,1079980000,1050900000
35,L2P,11510,415322000,36083.5795,387937000,369820000
35,L2R,19540,758708000,38828.45445,703069000,657544000
35,L2S,14880,634491000,42640.52419,579770000,558557000
35,L2T,8850,385767000,43589.49153,351933000,341392000
35,L2V,13000,497095000,38238.07692,459098000,440433000
35,L2W,1590,87652000,55127.04403,79442000,76709000
35,L3B,18320,640671000,34971.12445,596120000,554291000
35,L3C,25970,1061265000,40865.03658,971456000,938577000
35,L3K,15400,612495000,39772.4026,567751000,539656000
35,L3M,21240,1185452000,55812.24105,1078075000,1057963000
35,L3P,31360,1691328000,53932.65306,1530657000,1494021000
35,L3R,54040,2533025000,46873.14952,2318391000,2246869000
35,L3S,45270,1490624000,32927.4133,1379259000,1315140000
35,L3T,43130,2383903000,55272.50174,2170751000,2109929000
35,L3V,36450,1529824000,41970.48011,1407523000,1352356000
35,L3X,32860,1783450000,54274.19355,1625970000,1596347000
35,L3Y,35160,1746645000,49677.04778,1601315000,1561475000
35,L3Z,26540,1211881000,45662.43406,1124939000,1099127000
35,L4A,33630,1979628000,58864.94202,1797372000,1761429000
35,L4B,31910,1675936000,52520.71451,1528497000,1482482000
35,L4C,59870,2868831000,47917.67162,2612094000,2523221000
35,L4E,39110,2064971000,52799.05395,1883872000,1842219000
35,L4G,44640,2891972000,64784.319,2639351000,2594846000
35,L4H,50880,2626888000,51629.08805,2417424000,2359372000
35,L4J,63470,3631918000,57222.59335,3297525000,3210975000
35,L4K,14260,706063000,49513.53436,652817000,635752000
35,L4L,46280,2553422000,55173.33621,2350240000,2282554000
35,L4M,34490,1523816000,44181.38591,1398822000,1358908000
35,L4N,73980,3413999000,46147.59394,3137802000,3059676000
35,L4P,21950,981115000,44697.7221,908874000,886698000
35,L4R,15310,601194000,39268.06009,554845000,528808000
35,L4S,28100,1252224000,44563.13167,1137468000,1104066000
35,L4T,30210,815414000,26991.52598,774862000,732423000
35,L4V,130,11614000,89338.46154,11184000,11051000
35,L4W,17880,894582000,50032.55034,821166000,798864000
35,L4X,14810,538295000,36346.72519,503003000,482756000
35,L4Y,19060,830700000,43583.42078,766779000,744102000
35,L4Z,30600,1236654000,40413.52941,1145895000,1113019000
35,L5A,37880,1348432000,35597.46568,1263013000,1209174000
35,L5B,49960,1930126000,38633.42674,1795887000,1735104000
35,L5C,24490,1044422000,42646.87628,963787000,935084000
35,L5E,10390,527003000,50722.13667,482536000,471303000
35,L5G,16010,1202387000,75102.24859,1107438000,1075158000
35,L5H,14060,1277000000,90825.03556,1169616000,1141326000
35,L5J,22010,1334472000,60630.25897,1227230000,1198088000
35,L5K,10600,538695000,50820.28302,489846000,477416000
35,L5L,36620,1870402000,51075.96942,1707877000,1666149000
35,L5M,82430,3757822000,45588.03834,3447840000,3363919000
35,L5N,66540,3154235000,47403.59182,2898584000,2838122000
35,L5P,0,0,#DIV/0!,0,0
35,L5R,31060,1210337000,38967.70766,1116417000,1081062000
35,L5S,130,9943000,76484.61538,9652000,9518000
35,L5T,250,17573000,70292,16329000,15754000
35,L5V,41380,1619863000,39146.03673,1494892000,1449835000
35,L5W,19150,839547000,43840.57441,774537000,755857000
35,L6A,65870,3257361000,49451.35874,2990093000,2917793000
35,L6B,21270,966370000,45433.47438,880290000,859329000
35,L6C,39790,1980510000,49774.06384,1796445000,1743008000
35,L6E,28010,1196777000,42726.77615,1087006000,1056264000
35,L6G,4370,171434000,39229.74828,157960000,153054000
35,L6H,47580,3110338000,65370.70198,2837486000,2786761000
35,L6J,19780,2511211000,126957.0779,2329455000,2261153000
35,L6K,10690,792042000,74091.86155,725064000,686733000
35,L6L,23710,1697799000,71606.87474,1542383000,1513357000
35,L6M,48800,3365296000,68960.98361,3067363000,3017169000
35,L6P,66850,2394205000,35814.58489,2228839000,2139667000
35,L6R,69980,2219288000,31713.17519,2077300000,1997916000
35,L6S,42750,1694630000,39640.46784,1569514000,1526160000
35,L6T,29350,996840000,33963.88416,938933000,899847000
35,L6V,31700,1116554000,35222.52366,1047825000,1008524000
35,L6W,17700,727308000,41090.84746,670376000,646235000
35,L6X,52780,1996986000,37836.03638,1859892000,1804271000
35,L6Y,72130,2502787000,34698.28088,2333240000,2252864000
35,L6Z,26180,1163703000,44450.07639,1073846000,1050245000
35,L7A,62270,2349777000,37735.2979,2191664000,2134729000
35,L7B,12090,1091298000,90264.51613,1006136000,981550000
35,L7C,21200,1198974000,56555.37736,1091846000,1057147000
35,L7E,26110,1490561000,57087.74416,1367609000,1343148000
35,L7G,36070,2213968000,61379.76157,2020201000,1992205000
35,L7J,10750,563425000,52411.62791,519836000,509498000
35,L7K,6730,450533000,66943.98217,409298000,400838000
35,L7L,35640,2262959000,63494.92144,2057705000,2027938000
35,L7M,37270,2423364000,65021.84062,2197250000,2164944000
35,L7N,10660,767588000,72006.37899,701828000,685730000
35,L7P,23550,1501952000,63777.15499,1374732000,1349770000
35,L7R,12890,758280000,58826.99767,691025000,675131000
35,L7S,9770,537287000,54993.55169,488854000,478191000
35,L7T,14510,891995000,61474.50034,813748000,793194000
35,L8B,9600,574605000,59854.6875,520970000,514510000
35,L8E,31240,1372486000,43933.61076,1269224000,1226065000
35,L8G,18140,790296000,43566.48291,730402000,706508000
35,L8H,20050,656243000,32730.32419,621717000,578918000
35,L8J,18840,889872000,47233.12102,818340000,797753000
35,L8K,25070,965240000,38501.79497,900196000,858819000
35,L8L,22450,640856000,28545.92428,609695000,541170000
35,L8M,9850,336319000,34144.06091,314180000,288870000
35,L8N,11000,349369000,31760.81818,330476000,297257000
35,L8P,17900,867049000,48438.49162,796636000,762636000
35,L8R,8510,251357000,29536.66275,237673000,212337000
35,L8S,10780,449489000,41696.56772,413128000,400956000
35,L8T,15430,638906000,41406.74012,590120000,570684000
35,L8V,16780,612655000,36511.02503,573539000,545294000
35,L8W,20260,805787000,39772.30997,746450000,719385000
35,L9A,19610,755870000,38545.13004,700407000,672955000
35,L9B,18980,866285000,45641.99157,792702000,770915000
35,L9C,31620,1324174000,41877.73561,1215550000,1174947000
35,L9E,2680,148399000,55372.76119,137777000,133103000
35,L9G,18950,1376378000,72632.08443,1244830000,1225281000
35,L9H,25180,1548074000,61480.30183,1400211000,1374886000
35,L9J,540,27770000,51425.92593,25784000,25314000
35,L9K,10800,626289000,57989.72222,567802000,559251000
35,L9L,12040,697703000,57948.75415,631207000,616398000
35,L9M,12210,502944000,41191.15479,460323000,441917000
35,L9N,9480,481003000,50738.71308,439773000,431793000
35,L9P,13740,842071000,61286.09898,766657000,749722000
35,L9R,17530,851414000,48568.96748,786416000,769128000
35,L9S,22350,1014249000,45380.26846,939102000,915576000
35,L9T,72480,3723037000,51366.40453,3416589000,3363595000
35,L9V,11830,551085000,46583.68555,511368000,497439000
35,L9W,35910,1838272000,51191.08883,1690168000,1654700000
35,L9X,4120,286766000,69603.39806,257781000,255391000
35,L9Y,20240,1076281000,53175.93874,980175000,950061000
35,L9Z,18140,743980000,41013.23043,676490000,652006000
35,M1B,51880,1602762000,30893.63917,1502151000,1416918000
35,M1C,29270,1499440000,51227.87837,1358147000,1325568000
35,M1E,36640,1341637000,36616.73035,1240563000,1173072000
35,M1G,23490,649378000,27644.87016,609674000,563878000
35,M1H,19600,629377000,32111.07143,586134000,557673000
35,M1J,27560,810062000,29392.67054,762773000,707899000
35,M1K,38290,1158931000,30267.1977,1092200000,1017337000
35,M1L,26170,861111000,32904.50898,803029000,757874000
35,M1M,18190,832017000,45740.35184,765633000,733879000
35,M1N,17100,935943000,54733.50877,857826000,833008000
35,M1P,34850,1114161000,31970.18651,1041896000,982973000
35,M1R,23600,793934000,33641.27119,741446000,702527000
35,M1S,31820,1015028000,31899.0572,939724000,886898000
35,M1T,27990,915672000,32714.25509,850565000,796325000
35,M1V,45540,1289274000,28310.80369,1199309000,1119451000
35,M1W,40470,1354781000,33476.17989,1251286000,1184755000
35,M1X,12180,397688000,32650.90312,370579000,350544000
35,M2H,20770,862197000,41511.65142,783610000,752499000
35,M2J,47620,1811666000,38044.22512,1672888000,1609988000
35,M2K,19290,1059161000,54907.25765,971991000,949812000
35,M2L,9610,1038851000,108101.0406,955516000,926285000
35,M2M,28300,1153880000,40773.14488,1067968000,1023286000
35,M2N,71930,3197800000,44457.11108,2948290000,2875375000
35,M2P,6480,714749000,110300.7716,657888000,641173000
35,M2R,34130,1221411000,35787.02022,1138851000,1077730000
35,M3A,26440,1157348000,43772.61725,1069676000,1030158000
35,M3B,11210,1074441000,95846.65477,985007000,967975000
35,M3C,30930,1263404000,40847.20336,1176374000,1115374000
35,M3H,29540,1652998000,55957.95531,1509228000,1466092000
35,M3J,22700,653450000,28786.34361,617636000,581321000
35,M3K,5340,217777000,40782.20974,204440000,197348000
35,M3L,14570,436621000,29967.12423,414004000,384737000
35,M3M,19250,632544000,32859.42857,597293000,564594000
35,M3N,31090,778559000,25042.10357,747817000,664508000
35,M4A,11400,436531000,38292.19298,405551000,383168000
35,M4B,14320,639526000,44659.63687,590925000,564041000
35,M4C,35320,1498465000,42425.39638,1375913000,1321920000
35,M4E,18730,1526718000,81511.90603,1384431000,1352793000
35,M4G,14930,1720987000,115270.3952,1581375000,1558844000
35,M4H,13310,309810000,23276.48385,294549000,259851000
35,M4J,27090,1409428000,52027.61166,1281145000,1241285000
35,M4K,24050,1558062000,64784.28274,1420522000,1379920000
35,M4L,23760,1565136000,65872.72727,1425769000,1388714000
35,M4M,18360,1048288000,57096.2963,961281000,929272000
35,M4N,12320,2295888000,186354.5455,2135756000,2063227000
35,M4P,16010,1048819000,65510.2436,961890000,941328000
35,M4R,8840,1049391000,118709.3891,970961000,953877000
35,M4S,21570,1664386000,77162.07696,1522191000,1495531000
35,M4T,9300,1492262000,160458.2796,1379372000,1345409000
35,M4V,14320,1961977000,137009.567,1884856000,1848984000
35,M4W,11920,2129577000,178655.7886,1965210000,1901125000
35,M4X,15790,615039000,38951.17163,575998000,538835000
35,M4Y,23830,1202350000,50455.30843,1110030000,1086172000
35,M5A,31800,1606262000,50511.38365,1482042000,1406279000
35,M5B,10090,485750000,48141.72448,452587000,435172000
35,M5C,3480,464908000,133594.2529,428449000,421431000
35,M5E,7500,653031000,87070.8,599083000,587283000
35,M5G,19820,532484000,26865.99395,502689000,393556000
35,M5H,2740,401961000,146701.0949,375209000,356946000
35,M5J,11170,992570000,88860.3402,915269000,898776000
35,M5K,290,67924000,234220.6897,65018000,63596000
35,M5L,40,15703000,392575,14475000,14402000
35,M5M,19900,2326871000,116928.191,2131201000,2091876000
35,M5N,12510,1358511000,108594.0048,1248989000,1223459000
35,M5P,15350,1890953000,123189.1205,1731377000,1704128000
35,M5R,19850,2267992000,114256.5239,2080591000,2024637000
35,M5S,12440,840006000,67524.59807,774254000,751729000
35,M5T,14200,546667000,38497.67606,512235000,477484000
35,M5V,37390,2782751000,74425.00669,2581575000,2542956000
35,M5W,160,14548000,90925,13329000,13056000
35,M5X,100,28560000,285600,26102000,23525000
35,M6A,16120,639696000,39683.37469,596655000,566591000
35,M6B,22750,1197529000,52638.63736,1106188000,1069359000
35,M6C,18530,1259778000,67985.86077,1151258000,1118845000
35,M6E,30230,1077091000,35629.87099,1012342000,962426000
35,M6G,23740,1378798000,58079.10699,1264184000,1229750000
35,M6H,34270,1487811000,43414.38576,1378438000,1327373000
35,M6J,24210,1367449000,56482.81702,1265771000,1229247000
35,M6K,29720,1334400000,44899.05787,1248288000,1182990000
35,M6L,16250,561564000,34557.78462,527320000,498354000
35,M6M,32380,1022121000,31566.42989,968421000,902469000
35,M6N,32410,1101052000,33972.60105,1038585000,974404000
35,M6P,30180,1708081000,56596.45461,1565369000,1521907000
35,M6R,14280,983398000,68865.40616,899597000,879127000
35,M6S,25750,2010161000,78064.50485,1832187000,1801486000
35,M7A,10,853000,85300,769000,769000
35,M7Y,0,0,#DIV/0!,0,0
35,M8V,30260,1629343000,53844.77859,1494860000,1443434000
35,M8W,16430,810269000,49316.43335,745376000,725528000
35,M8X,8850,1122520000,126838.4181,1027921000,1003906000
35,M8Y,16820,1038968000,61769.79786,952118000,927990000
35,M8Z,13560,859943000,63417.62537,783660000,767967000
35,M9A,28710,2309828000,80453.77917,2128537000,2070722000
35,M9B,26170,1521039000,58121.47497,1390528000,1360264000
35,M9C,31120,1525391000,49016.42031,1402121000,1364832000
35,M9L,9830,298889000,30405.79858,282212000,263701000
35,M9M,17960,557448000,31038.30735,526478000,495107000
35,M9N,19560,656073000,33541.56442,615972000,570893000
35,M9P,16620,831999000,50060.1083,766938000,741708000
35,M9R,26860,1025864000,38193.00074,950636000,900122000
35,M9V,43640,1182615000,27099.33547,1122706000,1037028000
35,M9W,33240,1093729000,32904.0012,1025225000,972110000
35,N0A,29120,1189012000,40831.45604,1092285000,1048078000
35,N0B,62630,3737294000,59672.58502,3420838000,3319958000
35,N0C,12380,506299000,40896.52666,472746000,451671000
35,N0E,27850,1277816000,45882.08259,1178198000,1135899000
35,N0G,63820,2753104000,43138.57725,2562589000,2447630000
35,N0H,40020,2015536000,50363.21839,1831865000,1775945000
35,N0J,24210,1074825000,44395.91078,1002238000,964381000
35,N0K,18440,818084000,44364.64208,763620000,724342000
35,N0L,38730,1867236000,48211.6189,1712199000,1647303000
35,N0M,52740,2564306000,48621.65339,2353925000,2251388000
35,N0N,32560,1729052000,53103.56265,1576670000,1524698000
35,N0P,42210,1796732000,42566.50083,1669821000,1583474000
35,N0R,36470,1969972000,54016.23252,1813575000,1762369000
35,N1A,9790,382409000,39061.18488,355109000,339650000
35,N1C,3070,203118000,66162.21498,182317000,178538000
35,N1E,31820,1561296000,49066.49906,1439203000,1407047000
35,N1G,20940,1126016000,53773.44795,1020143000,1000725000
35,N1H,32710,1529459000,46758.14736,1413450000,1372438000
35,N1K,7560,336949000,44569.97354,311672000,305909000
35,N1L,10790,638733000,59196.75626,580800000,571934000
35,N1M,12630,610021000,48299.36659,563140000,551361000
35,N1P,5500,264252000,48045.81818,246301000,242503000
35,N1R,32780,1297834000,39592.25137,1212825000,1162887000
35,N1S,15170,759756000,50082.79499,699447000,683461000
35,N1T,13650,690831000,50610.32967,634725000,623720000
35,N2A,23330,1120443000,48025.84655,1029852000,996816000
35,N2B,13530,580492000,42904.06504,536100000,520289000
35,N2C,13030,452021000,34690.79048,427087000,404237000
35,N2E,28920,1162297000,40190.07607,1084085000,1052768000
35,N2G,10780,420110000,38971.24304,393074000,370496000
35,N2H,16550,733506000,44320.60423,677791000,656218000
35,N2J,14290,682562000,47765.0105,627922000,608231000
35,N2K,21390,1392626000,65106.40486,1272460000,1250748000
35,N2L,22590,1057639000,46818.90217,964905000,942121000
35,N2M,25750,1026413000,39860.69903,955844000,914459000
35,N2N,20320,941654000,46341.24016,864431000,844903000
35,N2P,15690,930338000,59294.96495,850229000,829765000
35,N2R,9520,474016000,49791.59664,436360000,429530000
35,N2T,16260,1008834000,62043.91144,913141000,898654000
35,N2V,13330,728899000,54681.09527,662756000,653272000
35,N2Z,9090,575438000,63304.51045,519291000,508415000
35,N3A,12600,679901000,53960.39683,622264000,607990000
35,N3B,9190,461300000,50195.86507,425569000,416641000
35,N3C,20140,1044114000,51842.8004,960835000,940860000
35,N3E,250,21722000,86888,20043000,19415000
35,N3H,17150,743751000,43367.40525,695273000,667325000
35,N3L,11700,583975000,49912.39316,536097000,522608000
35,N3P,6670,273371000,40985.15742,253375000,246058000
35,N3R,28350,1212494000,42768.7478,1116352000,1081100000
35,N3S,19350,659733000,34094.72868,620420000,580787000
35,N3T,26580,1152912000,43375.1693,1067542000,1024131000
35,N3V,1330,61371000,46143.60902,56789000,55818000
35,N3W,10710,543210000,50719.88796,496788000,488351000
35,N3Y,18680,793431000,42474.89293,729718000,693230000
35,N4B,6300,260078000,41282.22222,241524000,229661000
35,N4G,16070,694499000,43217.11263,643735000,614037000
35,N4K,23170,979088000,42256.71126,898506000,859151000
35,N4L,6740,282760000,41952.52226,258809000,249006000
35,N4N,8250,346214000,41965.33333,317376000,303764000
35,N4S,25720,1102884000,42880.40435,1026984000,984916000
35,N4T,8910,469529000,52696.85746,430955000,421290000
35,N4V,2220,101001000,45495.94595,93585000,91337000
35,N4W,8720,388038000,44499.77064,362377000,344911000
35,N4X,7960,389903000,48982.78894,358500000,347224000
35,N4Z,1890,87547000,46321.16402,79729000,78186000
35,N5A,25500,1185388000,46485.80392,1092958000,1059967000
35,N5C,11780,539315000,45782.25806,501947000,485370000
35,N5H,11320,430260000,38008.83392,402461000,384126000
35,N5L,2690,139995000,52042.75093,127284000,123849000
35,N5P,15370,651404000,42381.52245,602511000,576404000
35,N5R,21840,926882000,42439.65201,853471000,821507000
35,N5V,23760,834533000,35123.44276,780304000,744069000
35,N5W,18400,645105000,35060.05435,604819000,571154000
35,N5X,25510,1410333000,55285.49588,1280529000,1255992000
35,N5Y,25800,879208000,34077.82946,820426000,769659000
35,N5Z,17930,600948000,33516.34133,565365000,528119000
35,N6A,8610,586835000,68157.37515,534734000,515574000
35,N6B,7490,281763000,37618.55808,263061000,244072000
35,N6C,23610,1103627000,46744.04913,1013400000,983043000
35,N6E,20650,694466000,33630.31477,649326000,615390000
35,N6G,32060,1723639000,53762.91329,1568567000,1532867000
35,N6H,31770,1480555000,46602.29777,1347596000,1311007000
35,N6J,21530,849474000,39455.36461,782693000,745568000
35,N6K,27820,1644873000,59125.55715,1483808000,1446657000
35,N6L,2400,114025000,47510.41667,105831000,103142000
35,N6M,4590,220765000,48096.94989,202911000,199734000
35,N6N,590,29682000,50308.47458,27428000,26531000
35,N6P,6980,459853000,65881.51862,415121000,408860000
35,N7A,9820,446553000,45473.82892,409784000,392484000
35,N7G,14340,616819000,43013.87727,569574000,547831000
35,N7L,20000,813047000,40652.35,747702000,713219000
35,N7M,19520,825059000,42267.3668,761997000,718963000
35,N7S,22130,1134396000,51260.55129,1033796000,1007282000
35,N7T,19980,778710000,38974.47447,720210000,676859000
35,N7V,9890,538958000,54495.24772,489749000,478260000
35,N7W,2100,112628000,53632.38095,101613000,98815000
35,N7X,960,85496000,89058.33333,76675000,75742000
35,N8A,10950,374664000,34215.89041,348547000,323642000
35,N8H,28880,976941000,33827.59695,926260000,860292000
35,N8M,8860,415243000,46867.15576,383551000,368731000
35,N8N,20180,1229297000,60916.60059,1119486000,1093558000
35,N8P,10000,527458000,52745.8,481891000,470728000
35,N8R,9680,386138000,39890.28926,359052000,346231000
35,N8S,17760,818823000,46104.89865,757219000,730823000
35,N8T,13400,444578000,33177.46269,418919000,386716000
35,N8V,0,0,#DIV/0!,0,0
35,N8W,19040,756666000,39740.86134,705412000,678682000
35,N8X,12440,401008000,32235.36977,379672000,348123000
35,N8Y,14610,572284000,39170.705,535654000,506529000
35,N9A,19120,536028000,28034.93724,510534000,441921000
35,N9B,13870,381083000,27475.34247,358950000,331475000
35,N9C,8800,231775000,26338.06818,220401000,199281000
35,N9E,16700,842686000,50460.23952,769040000,750562000
35,N9G,15250,749657000,49157.83607,687885000,671342000
35,N9H,8630,510494000,59153.41831,466536000,457283000
35,N9J,15740,922621000,58616.32783,842259000,825308000
35,N9K,2040,116511000,57113.23529,106425000,104468000
35,N9V,16380,833484000,50884.24908,763536000,745724000
35,N9Y,11960,583456000,48783.94649,534474000,516522000
35,P0A,13840,509001000,36777.5289,471325000,447841000
35,P0B,7210,358306000,49695.70042,328107000,319837000
35,P0C,3150,136361000,43289.20635,124705000,119854000
35,P0E,2630,111236000,42295.05703,103206000,99281000
35,P0G,2660,110598000,41578.19549,100795000,95591000
35,P0H,25890,1073421000,41460.8343,988125000,945315000
35,P0J,16990,710427000,41814.42025,658325000,626798000
35,P0K,9040,399061000,44143.91593,369652000,352453000
35,P0L,18290,674020000,36851.8316,628643000,588825000
35,P0M,40260,1813049000,45033.5072,1672744000,1614043000
35,P0N,7410,369333000,49842.51012,343852000,331210000
35,P0P,15240,489458000,32116.66667,453314000,420491000
35,P0R,10380,405228000,39039.30636,372096000,351172000
35,P0S,8020,343170000,42789.27681,317156000,304564000
35,P0T,25370,1033202000,40725.3449,951942000,907855000
35,P0V,14390,384629000,26728.90896,358387000,319393000
35,P0W,4950,194081000,39208.28283,178556000,170491000
35,P0X,5610,203161000,36214.082,185332000,177380000
35,P0Y,0,0,#DIV/0!,0,0
35,P1A,13250,563289000,42512.37736,514910000,492884000
35,P1B,26110,1055973000,40443.24014,971983000,917740000
35,P1C,2690,198861000,73926.0223,179520000,176741000
35,P1H,13570,618523000,45580.17686,566367000,548395000
35,P1L,13640,632481000,46369.57478,576852000,560678000
35,P1P,7950,322744000,40596.72956,295140000,279630000
35,P2A,10920,454655000,41635.07326,417229000,401771000
35,P2B,7860,301477000,38355.85242,277393000,258336000
35,P2N,5580,241213000,43228.1362,224049000,209668000
35,P3A,19220,890201000,46316.38918,815188000,790501000
35,P3B,12180,497166000,40818.2266,462620000,437135000
35,P3C,12700,415342000,32704.09449,389671000,355004000
35,P3E,22080,1283621000,58135.00906,1166595000,1134771000
35,P3G,3360,231605000,68930.05952,209580000,206875000
35,P3L,6350,319977000,50390.07874,294072000,287568000
35,P3N,6240,309309000,49568.75,285238000,277874000
35,P3P,11960,596965000,49913.46154,549318000,537112000
35,P3Y,6060,338347000,55832.83828,307210000,302655000
35,P4N,20090,911262000,45358.98457,849080000,812839000
35,P4P,2510,136904000,54543.42629,126294000,122978000
35,P4R,3700,210955000,57014.86486,195149000,189601000
35,P5A,9420,319447000,33911.57113,296251000,270125000
35,P5E,4370,192853000,44131.12128,177240000,171099000
35,P5N,6900,300127000,43496.66667,278423000,266917000
35,P6A,28510,1276988000,44790.88039,1171996000,1121532000
35,P6B,18660,799112000,42824.86602,734850000,703572000
35,P6C,15540,596018000,38353.79665,553845000,528650000
35,P7A,22640,1011950000,44697.43816,928651000,895604000
35,P7B,17920,798006000,44531.58482,731867000,700710000
35,P7C,17020,681705000,40053.17274,627340000,598799000
35,P7E,16710,669306000,40054.21903,619789000,591126000
35,P7G,9940,565638000,56905.23139,514055000,502542000
35,P7J,3840,209605000,54584.63542,188976000,184228000
35,P7K,5450,326810000,59965.13761,296834000,290024000
35,P7L,1640,81806000,49881.70732,74910000,72886000
35,P8N,8840,402589000,45541.74208,369510000,356170000
35,P8T,3890,177104000,45528.02057,162421000,157661000
35,P9A,8020,356092000,44400.49875,324651000,312911000
35,P9N,11400,520671000,45672.89474,476599000,461734000
46,R0A,31320,1291198000,41225.98978,1202230000,1166681000
46,R0B,28030,354222000,12637.24581,332978000,287566000
46,R0C,40360,1484467000,36780.64916,1372606000,1318775000
46,R0E,35490,1516608000,42733.38969,1389878000,1351308000
46,R0G,31340,1386468000,44239.56605,1289475000,1215066000
46,R0H,10100,313563000,31045.84158,293787000,275664000
46,R0J,21370,817668000,38262.42396,764102000,718791000
46,R0K,19930,863505000,43326.89413,800542000,759345000
46,R0L,21090,700681000,33223.37601,655077000,601256000
46,R0M,14980,626644000,41832.04272,582009000,546007000
46,R1A,16490,771693000,46797.63493,708564000,691126000
46,R1B,270,13945000,51648.14815,12455000,12194000
46,R1C,3050,158755000,52050.81967,145998000,144078000
46,R1N,14890,551555000,37041.97448,512603000,493062000
46,R2C,26100,1134393000,43463.33333,1046922000,1030548000
46,R2E,7740,572564000,73974.677,517960000,509439000
46,R2G,27100,1228664000,45338.15498,1124324000,1096523000
46,R2H,12720,543624000,42737.73585,500796000,481342000
46,R2J,21100,1043296000,49445.30806,952915000,935056000
46,R2K,25850,1000102000,38688.66538,927044000,905221000
46,R2L,10910,351638000,32230.79743,330442000,316319000
46,R2M,30370,1323094000,43565.82153,1215619000,1187974000
46,R2N,24660,1317417000,53423.23601,1193845000,1176112000
46,R2P,25430,876511000,34467.59733,815984000,797150000
46,R2R,17610,619988000,35206.58717,577977000,565792000
46,R2V,27870,1167628000,41895.51489,1076559000,1053693000
46,R2W,20610,540578000,26228.918,513709000,462327000
46,R2X,14540,451820000,31074.27785,427671000,411135000
46,R2Y,15390,675830000,43913.58025,620384000,608978000
46,R3A,3260,67202000,20614.11043,64527000,53244000
46,R3B,9840,296513000,30133.43496,281803000,255857000
46,R3C,15670,473265000,30201.9783,448393000,406218000
46,R3E,14480,410748000,28366.57459,390031000,367186000
46,R3G,19050,701494000,36823.83202,651062000,629676000
46,R3H,150,8198000,54653.33333,7571000,7513000
46,R3J,21720,967074000,44524.58564,888929000,873511000
46,R3K,10330,561063000,54313.93998,508176000,497576000
46,R3L,15650,709041000,45306.13419,657447000,641509000
46,R3M,17580,1045582000,59475.65415,957364000,939397000
46,R3N,13000,781490000,60114.61538,711698000,701691000
46,R3P,16310,1412442000,86599.75475,1289938000,1263389000
46,R3R,20000,1156310000,57815.5,1049780000,1032349000
46,R3S,420,43667000,103969.0476,40836000,40293000
46,R3T,39080,1524651000,39013.58751,1392998000,1364187000
46,R3V,4990,233606000,46814.82966,214308000,210831000
46,R3W,8170,381492000,46694.24725,348157000,344278000
46,R3X,13730,916540000,66754.55208,831445000,816702000
46,R3Y,17570,975307000,55509.78941,885295000,875124000
46,R4A,3200,181269000,56646.5625,164051000,160416000
46,R4G,1010,71680000,70970.29703,64198000,63425000
46,R4H,1790,145542000,81308.37989,131994000,129848000
46,R4J,900,58730000,65255.55556,53736000,52766000
46,R4K,640,31286000,48884.375,28685000,28200000
46,R4L,890,50300000,56516.85393,45486000,44633000
46,R5A,2560,144116000,56295.3125,131502000,129686000
46,R5G,17720,668649000,37734.14221,625985000,608074000
46,R5H,4630,188193000,40646.43629,175192000,170163000
46,R6M,8170,333835000,40861.07711,310321000,293018000
46,R6W,14260,495638000,34757.223,470206000,448583000
46,R7A,24780,964613000,38927.07829,894503000,860003000
46,R7B,16490,822599000,49884.71801,751288000,730622000
46,R7C,2060,100833000,48948.05825,93359000,91165000
46,R7N,8190,331513000,40477.77778,305966000,290857000
46,R8A,4590,239090000,52089.32462,217555000,202520000
46,R8N,9590,497647000,51892.28363,463831000,434491000
46,R9A,6040,257655000,42658.11258,237880000,220163000
47,S0A,41780,1700572000,40703.0158,1589670000,1492159000
47,S0C,16480,839130000,50918.08252,789148000,756134000
47,S0E,26280,1068289000,40650.26636,1002783000,941121000
47,S0G,49640,2338465000,47108.48106,2176033000,2079790000
47,S0H,17200,788694000,45854.30233,738914000,680667000
47,S0J,35960,1091067000,30341.12903,1018834000,948369000
47,S0K,66990,3222719000,48107.4638,3000957000,2880342000
47,S0L,24830,1263093000,50869.63351,1186999000,1122826000
47,S0M,35000,1204255000,34407.28571,1129435000,1053119000
47,S0N,16530,745494000,45099.45554,698103000,643587000
47,S0P,4500,112806000,25068,104786000,95170000
47,S2V,660,49765000,75401.51515,45648000,44673000
47,S3N,15290,697258000,45602.22368,647338000,620837000
47,S4A,10170,619358000,60900.49164,575698000,563619000
47,S4H,9750,520324000,53366.5641,484877000,473252000
47,S4L,4540,363928000,80160.35242,330381000,325480000
47,S4M,0,0,#DIV/0!,0,0
47,S4N,23340,1025502000,43937.53213,952163000,923686000
47,S4P,12270,521197000,42477.34311,487609000,449304000
47,S4R,27830,1247291000,44818.21775,1157116000,1122200000
47,S4S,27180,1539545000,56642.56806,1409056000,1381429000
47,S4T,23830,1007684000,42286.36173,936659000,886699000
47,S4V,22600,1668268000,73817.16814,1521327000,1499335000
47,S4W,7030,392408000,55819.06117,361609000,357599000
47,S4X,21350,1272833000,59617.47073,1160249000,1143319000
47,S4Y,3510,247423000,70490.88319,224296000,221899000
47,S4Z,1030,56667000,55016.50485,52336000,51242000
47,S6H,23530,1073344000,45615.9796,996886000,959416000
47,S6J,3880,235216000,60622.68041,215783000,209398000
47,S6K,930,55799000,59998.92473,51151000,50334000
47,S6V,30950,1307780000,42254.6042,1214076000,1157616000
47,S6W,0,0,#DIV/0!,0,0
47,S6X,1640,114452000,69787.80488,103484000,102323000
47,S7H,27780,1336538000,48111.51908,1230197000,1196127000
47,S7J,24810,1308826000,52753.97017,1199410000,1167028000
47,S7K,33000,1879615000,56958.0303,1732503000,1679454000
47,S7L,29690,1159167000,39042.33749,1083967000,1033875000
47,S7M,23310,919206000,39433.97683,859625000,801914000
47,S7N,20620,1178299000,57143.50145,1084470000,1058539000
47,S7P,180,23475000,130416.6667,20803000,20592000
47,S7R,5730,286321000,49968.76091,265217000,262136000
47,S7S,4570,278875000,61022.97593,253707000,247057000
47,S7T,9990,661415000,66207.70771,605601000,594304000
47,S7V,8390,576975000,68769.3683,528585000,518421000
47,S7W,9860,637847000,64690.36511,585307000,576573000
47,S9A,11950,504399000,42209.12134,469097000,444657000
47,S9H,15410,772471000,50127.90396,718231000,691775000
47,S9V,10410,491400000,47204.61095,466021000,454825000
47,S9X,6170,258835000,41950.56726,241956000,231731000
48,T0A,44900,2076239000,46241.40312,1953138000,1871811000
48,T0B,48390,2330920000,48169.4565,2198263000,2086451000
48,T0C,46230,1996974000,43196.49578,1884819000,1792128000
48,T0E,29920,1393989000,46590.54144,1312860000,1264397000
48,T0G,30020,1283327000,42749.06729,1212839000,1125731000
48,T0H,60470,2742997000,45361.28659,2608802000,2359315000
48,T0J,37880,1748296000,46153.53749,1637251000,1558951000
48,T0K,42880,1736433000,40495.17257,1633280000,1546725000
48,T0L,42620,2061952000,48379.91553,1927453000,1838435000
48,T0M,50980,2504588000,49128.83484,2361655000,2274163000
48,T0P,1840,73439000,39912.5,69636000,63910000
48,T0V,0,0,#DIV/0!,0,0
48,T1A,20770,909200000,43774.67501,852596000,808199000
48,T1B,24920,1339976000,53771.10754,1235331000,1195868000
48,T1C,6980,387970000,55583.09456,356538000,345422000
48,T1G,8150,377419000,46309.07975,355641000,341204000
48,T1H,20890,861053000,41218.42987,805982000,772775000
48,T1J,17820,871582000,48910.32548,804857000,773448000
48,T1K,34080,1815212000,53263.26291,1663438000,1618122000
48,T1L,7350,322596000,43890.61224,300648000,297853000
48,T1M,7630,366279000,48005.1114,340732000,328273000
48,T1P,12940,688180000,53182.38022,641001000,623191000
48,T1R,13040,609822000,46765.4908,572649000,557011000
48,T1S,26730,1789951000,66964.12271,1653638000,1626651000
48,T1V,12530,624953000,49876.53631,578269000,562849000
48,T1W,12150,840793000,69201.06996,767872000,754928000
48,T1X,15890,983438000,61890.3713,909169000,892243000
48,T1Y,43610,1538541000,35279.54598,1450352000,1390637000
48,T1Z,480,21367000,44514.58333,20308000,19651000
48,T2A,44640,1566269000,35086.67115,1489124000,1420644000
48,T2B,17190,652441000,37954.68296,617638000,589824000
48,T2C,16990,1185349000,69767.45144,1108090000,1089589000
48,T2E,26070,1516109000,58155.31262,1402870000,1362387000
48,T2G,12050,736295000,61103.3195,684482000,655064000
48,T2H,7530,390276000,51829.48207,365166000,355175000
48,T2J,35820,2430152000,67843.43942,2225040000,2178208000
48,T2K,26860,1323029000,49256.47803,1221433000,1189330000
48,T2L,10940,703437000,64299.54296,636235000,622270000
48,T2M,15690,1128419000,71919.63034,1034647000,1015032000
48,T2N,18520,1694270000,91483.26134,1556265000,1516808000
48,T2P,14740,1393997000,94572.38806,1280811000,1212934000
48,T2R,11440,873197000,76328.40909,809512000,789554000
48,T2S,11190,1362198000,121733.5121,1257974000,1229070000
48,T2T,21310,2328090000,109248.7095,2145507000,2092174000
48,T2V,26010,1989514000,76490.34987,1834668000,1780502000
48,T2W,33380,1916000000,57399.6405,1753164000,1718728000
48,T2X,33370,2160270000,64736.88942,1989212000,1959336000
48,T2Y,46590,2561114000,54971.32432,2360940000,2327709000
48,T2Z,50520,3176060000,62867.37926,2928228000,2887181000
48,T3A,42650,2714694000,63650.5041,2464600000,2409645000
48,T3B,28000,1859317000,66404.17857,1698734000,1661219000
48,T3C,17740,1135034000,63981.62345,1051106000,1020581000
48,T3E,30770,2080439000,67612.57719,1909612000,1867678000
48,T3G,45280,2750846000,60751.89929,2510701000,2473028000
48,T3H,52990,4724279000,89154.16116,4323069000,4254477000
48,T3J,57730,1917149000,33208.88619,1820078000,1755236000
48,T3K,60170,3007122000,49977.09822,2772472000,2719939000
48,T3L,21910,1751783000,79953.58284,1587506000,1561165000
48,T3M,28640,2038311000,71170.07682,1876978000,1851699000
48,T3N,11010,454199000,41253.31517,427527000,421113000
48,T3P,11140,665791000,59765.79892,612534000,605416000
48,T3R,18310,1264921000,69083.61551,1164459000,1144767000
48,T3S,270,14647000,54248.14815,13910000,13631000
48,T3Z,8640,1285642000,148801.1574,1190119000,1147261000
48,T4A,12270,721662000,58815.15892,667486000,657437000
48,T4B,34990,2092937000,59815.29008,1933499000,1905546000
48,T4C,24190,1630703000,67412.2778,1497165000,1472807000
48,T4E,2750,200261000,72822.18182,188036000,180058000
48,T4G,9730,483075000,49647.99589,451885000,435211000
48,T4H,9550,482248000,50497.17277,450604000,434116000
48,T4J,9240,452883000,49013.31169,423128000,401817000
48,T4L,13480,721509000,53524.40653,674295000,652836000
48,T4M,3410,202436000,59365.39589,190204000,188412000
48,T4N,24790,1204872000,48603.14643,1131978000,1087909000
48,T4P,23790,1186634000,49879.52921,1111014000,1081777000
48,T4R,27720,1680407000,60620.74315,1551290000,1525979000
48,T4S,14590,855462000,58633.44757,801614000,786846000
48,T4T,11710,585059000,49962.33988,549882000,530103000
48,T4V,16430,820292000,49926.47596,762223000,732900000
48,T4X,15880,1067714000,67236.39798,980918000,968517000
48,T5A,25790,1126862000,43693.75727,1053417000,1013613000
48,T5B,11880,452398000,38080.63973,425495000,394999000
48,T5C,12120,502155000,41431.93069,470528000,449749000
48,T5E,23790,995272000,41835.7293,932593000,891512000
48,T5G,9550,358160000,37503.66492,337894000,316185000
48,T5H,21420,782855000,36547.85247,737585000,668857000
48,T5J,8170,428879000,52494.36965,401978000,354023000
48,T5K,17530,1048775000,59827.43868,967810000,939957000
48,T5L,12930,573121000,44324.90333,536931000,518100000
48,T5M,11640,563010000,48368.5567,520554000,498819000
48,T5N,11180,882203000,78909.03399,810152000,794670000
48,T5P,16240,639941000,39405.23399,603237000,573943000
48,T5R,19340,1193712000,61722.44054,1095469000,1067073000
48,T5S,4170,259834000,62310.31175,240091000,235161000
48,T5T,52910,2775308000,52453.37365,2564999000,2510410000
48,T5V,350,18809000,53740,17740000,17251000
48,T5W,15680,698150000,44524.87245,650360000,621137000
48,T5X,30680,1437454000,46853.12907,1330751000,1291648000
48,T5Y,34430,1698639000,49336.0151,1578745000,1542398000
48,T5Z,24160,1218199000,50422.14404,1123772000,1098596000
48,T6A,11430,646530000,56564.30446,590138000,576587000
48,T6B,7750,422283000,54488.12903,387026000,377298000
48,T6C,15530,896207000,57708.11333,819982000,796718000
48,T6E,17290,995096000,57553.26778,917854000,895253000
48,T6G,8650,551961000,63810.52023,500776000,492443000
48,T6H,22000,1340300000,60922.72727,1225992000,1199756000
48,T6J,36230,2046809000,56494.86613,1866275000,1824406000
48,T6K,21730,927114000,42665.16337,863148000,834688000
48,T6L,39140,1723533000,44035.0792,1603931000,1557331000
48,T6M,21700,1517511000,69931.38249,1388552000,1369901000
48,T6N,70,6196000,88514.28571,5829000,5662000
48,T6P,1480,67409000,45546.62162,64418000,61743000
48,T6R,35110,2696335000,76796.78154,2450645000,2416418000
48,T6S,0,0,#DIV/0!,0,0
48,T6T,29310,1286643000,43897.74821,1203064000,1180833000
48,T6V,15380,809041000,52603.44603,746063000,734532000
48,T6W,40170,2552418000,63540.40329,2342045000,2317289000
48,T6X,27030,1478368000,54693.5997,1370316000,1354913000
48,T7A,10020,552200000,55109.78044,523548000,507048000
48,T7E,10930,604660000,55321.13449,571120000,555674000
48,T7N,6730,308004000,45765.82467,289245000,271135000
48,T7P,6320,276652000,43774.05063,261577000,246055000
48,T7S,10100,584103000,57831.9802,547378000,537689000
48,T7V,8250,466831000,56585.57576,439779000,428242000
48,T7X,32520,1898551000,58381.02706,1765973000,1735176000
48,T7Y,11390,789086000,69278.84109,727881000,714048000
48,T7Z,15980,906072000,56700.37547,846705000,827526000
48,T8A,34240,2301650000,67221.08645,2098279000,2069015000
48,T8B,5280,503679000,95393.75,466074000,458485000
48,T8C,3460,253105000,73151.7341,233360000,230300000
48,T8E,6300,430189000,68283.96825,396624000,390421000
48,T8G,3740,248771000,66516.31016,229959000,227301000
48,T8H,21590,1464768000,67844.74294,1339976000,1323480000
48,T8L,20360,1329763000,65312.52456,1234332000,1216512000
48,T8N,50890,3428192000,67364.74749,3113298000,3066769000
48,T8R,11960,663682000,55491.80602,614898000,600593000
48,T8S,7280,407655000,55996.56593,378845000,355319000
48,T8T,5470,454609000,83109.5064,417511000,408232000
48,T8V,25020,1286408000,51415.18785,1222515000,1140155000
48,T8W,15020,1031802000,68695.20639,967980000,923559000
48,T8X,13900,896227000,64476.76259,841103000,802875000
48,T9A,12020,536596000,44641.93012,503020000,479125000
48,T9C,6010,288096000,47936.10649,269079000,251927000
48,T9E,24500,1383231000,56458.40816,1291373000,1265715000
48,T9G,5390,294960000,54723.56215,274371000,267771000
48,T9H,21360,1719801000,80515.02809,1624855000,1576095000
48,T9J,1750,164586000,94049.14286,155715000,151522000
48,T9K,28780,2815730000,97836.34468,2656383000,2591706000
48,T9M,14200,828813000,58367.11268,768180000,753196000
48,T9N,8930,532568000,59638.07391,500457000,488349000
48,T9S,6050,326730000,54004.95868,304802000,294409000
48,T9V,15630,937739000,59996.09725,876994000,857360000
48,T9W,6380,339620000,53231.97492,315714000,307017000
48,T9X,4720,242942000,51470.76271,227857000,214871000
59,V0A,11630,528890000,45476.35426,488903000,477491000
59,V0B,27280,1306214000,47881.74487,1206152000,1167193000
59,V0C,18790,930800000,49536.98776,883737000,818934000
59,V0E,55900,2209052000,39517.92487,2060573000,1977667000
59,V0G,21650,908004000,41940.13857,841055000,811082000
59,V0H,47460,1979750000,41714.07501,1822239000,1746802000
59,V0J,40230,1645996000,40914.64082,1540891000,1477484000
59,V0K,27330,1000405000,36604.64691,935037000,890154000
59,V0L,3800,101096000,26604.21053,94236000,87896000
59,V0M,9160,331445000,36183.95197,307162000,293115000
59,V0N,67630,3199452000,47308.17684,2945998000,2853775000
59,V0P,5560,196761000,35388.66906,181195000,171734000
59,V0R,55800,2427774000,43508.49462,2229922000,2153972000
59,V0S,190,5702000,30010.52632,5268000,4938000
59,V0T,6110,185271000,30322.58592,172551000,158513000
59,V0V,1300,26446000,20343.07692,25068000,22698000
59,V0W,330,12578000,38115.15152,11863000,10250000
59,V0X,17840,671044000,37614.57399,624588000,587636000
59,V1A,6720,309096000,45996.42857,283942000,275268000
59,V1B,17730,945117000,53306.09137,865303000,844920000
59,V1C,20610,963436000,46746.04561,888077000,862649000
59,V1E,16630,713741000,42918.88154,662284000,635467000
59,V1G,12200,611717000,50140.7377,577602000,538222000
59,V1H,11390,549325000,48228.70939,502528000,486481000
59,V1J,19070,1104564000,57921.55218,1043448000,988480000
59,V1K,7800,305474000,39163.33333,284769000,271289000
59,V1L,14230,617599000,43401.19466,568988000,549960000
59,V1M,24840,1417164000,57051.69082,1297592000,1271987000
59,V1N,10460,472730000,45194.07266,434214000,421322000
59,V1P,6720,329319000,49005.80357,303872000,297478000
59,V1R,8140,364113000,44731.32678,336350000,325443000
59,V1S,9350,529555000,56636.8984,480772000,471658000
59,V1T,24240,948236000,39118.64686,885963000,845790000
59,V1V,17370,973651000,56053.59816,890670000,876756000
59,V1W,28780,1756558000,61033.98193,1607080000,1565568000
59,V1X,27220,1015001000,37288.795,950997000,913966000
59,V1Y,29600,1373089000,46388.14189,1281913000,1240869000
59,V1Z,12080,612566000,50709.10596,560695000,544543000
59,V2A,33760,1420520000,42077.01422,1313081000,1260094000
59,V2B,31570,1271127000,40263.76307,1180183000,1132344000
59,V2C,20230,981855000,48534.60208,903762000,875499000
59,V2E,11760,639889000,54412.32993,582339000,574773000
59,V2G,14500,636107000,43869.44828,591078000,572340000
59,V2H,5800,300729000,51849.82759,274740000,268486000
59,V2J,18290,768932000,42041.11536,720931000,692557000
59,V2K,16370,872615000,53305.74221,808220000,791260000
59,V2L,7970,296194000,37163.61355,277328000,257493000
59,V2M,17610,779785000,44280.80636,723432000,700974000
59,V2N,25210,1303229000,51694.92265,1200368000,1174686000
59,V2P,28870,1092467000,37840.90752,1026580000,970180000
59,V2R,39620,1785405000,45063.22564,1641280000,1595607000
59,V2S,38140,1556637000,40813.76508,1449744000,1396375000
59,V2T,44660,1520206000,34039.54322,1429517000,1354740000
59,V2V,26280,1070333000,40728.04414,997245000,956311000
59,V2W,14760,812373000,55038.82114,747498000,732379000
59,V2X,38050,1696633000,44589.56636,1571746000,1522421000
59,V2Y,26770,1337515000,49963.20508,1231318000,1207723000
59,V2Z,12620,730936000,57918.85895,674613000,651715000
59,V3A,34180,1564700000,45778.23288,1447350000,1406659000
59,V3B,45380,1923378000,42383.82547,1768160000,1716234000
59,V3C,31090,1514579000,48715.95368,1387093000,1352729000
59,V3E,31150,1492248000,47905.23274,1364541000,1330697000
59,V3G,18780,1030111000,54851.49095,947049000,918031000
59,V3H,28810,1737157000,60297.01493,1588339000,1560218000
59,V3J,32680,1502836000,45986.41371,1378387000,1339640000
59,V3K,24860,1103591000,44392.23652,1017088000,988955000
59,V3L,22120,1117154000,50504.24955,1020661000,996550000
59,V3M,34980,1541868000,44078.55918,1429001000,1387513000
59,V3N,31560,1242132000,39357.79468,1148630000,1112111000
59,V3R,45960,1567322000,34101.87119,1468444000,1400271000
59,V3S,74880,3314402000,44262.84722,3056079000,2963517000
59,V3T,32940,990100000,30057.68063,937670000,876968000
59,V3V,37630,1174866000,31221.52538,1111324000,1049493000
59,V3W,72190,2262103000,31335.40657,2135948000,2027091000
59,V3X,22180,926358000,41765.46438,859404000,828835000
59,V3Y,15070,752328000,49922.2296,688558000,671698000
59,V3Z,21800,1385028000,63533.3945,1261038000,1233277000
59,V4A,30690,1776344000,57880.22157,1618312000,1581967000
59,V4B,16810,979547000,58271.68352,899903000,873815000
59,V4C,34520,1405415000,40713.06489,1298464000,1255012000
59,V4E,10000,507618000,50761.8,461528000,449976000
59,V4G,160,12194000,76212.5,11325000,10588000
59,V4K,19750,1068986000,54125.87342,974158000,953362000
59,V4L,6670,456210000,68397.30135,414263000,406635000
59,V4M,11740,775439000,66051.02215,700500000,685036000
59,V4N,60610,2679567000,44209.98185,2465324000,2402571000
59,V4P,10050,660846000,65755.8209,602721000,587370000
59,V4R,11640,624380000,53640.89347,573164000,560891000
59,V4S,5610,259188000,46201.06952,239885000,233776000
59,V4T,23040,1059432000,45982.29167,974031000,949392000
59,V4V,13050,634209000,48598.3908,587749000,569283000
59,V4W,15600,695882000,44607.82051,651065000,628236000
59,V4X,9940,488780000,49173.03823,457645000,435498000
59,V4Z,3390,166691000,49171.38643,153060000,149298000
59,V5A,19120,945386000,49444.87448,865454000,842479000
59,V5B,18110,824555000,45530.36996,758322000,734889000
59,V5C,25290,1262087000,49904.58679,1158712000,1129342000
59,V5E,21780,897182000,41192.92929,828938000,795395000
59,V5G,16440,720374000,43818.36983,658420000,635799000
59,V5H,32930,1179706000,35824.65837,1094275000,1053079000
59,V5J,18480,746225000,40380.14069,687132000,665931000
59,V5K,18510,813309000,43938.89789,749839000,722497000
59,V5L,15340,697779000,45487.54889,646552000,622612000
59,V5M,18790,669615000,35636.77488,622150000,591833000
59,V5N,27660,1142712000,41312.79826,1057010000,1016652000
59,V5P,26600,932327000,35049.88722,866568000,825003000
59,V5R,39130,1333289000,34073.3197,1239892000,1184527000
59,V5S,23490,969581000,41276.33035,890954000,858747000
59,V5T,19160,977458000,51015.55324,903192000,879905000
59,V5V,18800,949814000,50522.02128,870672000,847140000
59,V5W,16120,654617000,40608.99504,603580000,583068000
59,V5X,23430,820889000,35035.80879,767443000,734347000
59,V5Y,14170,1007972000,71134.22724,923391000,905913000
59,V5Z,18760,1234255000,65791.84435,1130737000,1104748000
59,V6A,16500,635418000,38510.18182,592960000,524065000
59,V6B,26340,1681642000,63843.65983,1548042000,1495619000
59,V6C,7140,620684000,86930.53221,584277000,552300000
59,V6E,24780,1651497000,66646.36804,1537738000,1507668000
59,V6G,22630,1289504000,56982.05921,1197166000,1164347000
59,V6H,16990,1403263000,82593.46675,1283009000,1252633000
59,V6J,18010,1381200000,76690.72737,1267634000,1245301000
59,V6K,20390,1417181000,69503.72732,1295591000,1276896000
59,V6L,8150,608568000,74670.92025,556392000,545008000
59,V6M,13560,960023000,70798.15634,883599000,862988000
59,V6N,10810,1044772000,96648.65865,965869000,948782000
59,V6P,24990,1301117000,52065.5062,1203197000,1170755000
59,V6R,14500,1240022000,85518.75862,1140186000,1118723000
59,V6S,9040,599569000,66324.00442,546531000,538871000
59,V6T,9730,475408000,48860.02055,442194000,433685000
59,V6V,9620,399839000,41563.30561,369727000,355494000
59,V6W,1470,70851000,48197.95918,66688000,64804000
59,V6X,31190,1097232000,35178.96762,1022724000,982998000
59,V6Y,41260,1391459000,33724.16384,1287967000,1233032000
59,V6Z,14500,1072271000,73949.72414,991125000,964156000
59,V7A,22030,895669000,40656.7862,826441000,797844000
59,V7B,680,39460000,58029.41176,36470000,35748000
59,V7C,32500,1326301000,40809.26154,1216293000,1175838000
59,V7E,30880,1562821000,50609.48834,1418615000,1384956000
59,V7G,9510,742852000,78112.72345,679125000,663162000
59,V7H,10170,655889000,64492.52704,595801000,585722000
59,V7J,12720,730010000,57390.72327,666345000,642568000
59,V7K,9910,677738000,68389.30373,615181000,604548000
59,V7L,20610,1144394000,55526.15235,1048528000,1024281000
59,V7M,17780,894440000,50305.96175,821575000,800524000
59,V7N,12020,812040000,67557.40433,743465000,725991000
59,V7P,10640,505874000,47544.54887,469321000,455486000
59,V7R,11880,977316000,82265.65657,896698000,880906000
59,V7S,8420,714770000,84889.54869,662504000,644456000
59,V7T,7890,535906000,67922.17997,492465000,478643000
59,V7V,12440,1318530000,105991.1576,1219513000,1189576000
59,V7W,6820,803487000,117813.3431,744780000,726612000
59,V7X,480,87078000,181412.5,80438000,79130000
59,V7Y,610,141353000,231726.2295,132151000,128126000
59,V8A,15520,604758000,38966.36598,559034000,533065000
59,V8B,9140,461783000,50523.30416,423823000,413842000
59,V8C,6290,339567000,53985.21463,313163000,306893000
59,V8G,14630,654208000,44716.88312,606408000,588021000
59,V8J,9360,416594000,44507.90598,384942000,371492000
59,V8K,8950,426529000,47656.87151,386895000,373462000
59,V8L,20570,1179494000,57340.49587,1071899000,1049311000
59,V8M,13310,675237000,50731.55522,614961000,601371000
59,V8N,20040,1106093000,55194.26148,999070000,979473000
59,V8P,13980,709443000,50746.99571,646268000,634664000
59,V8R,18210,1039410000,57079.07743,946475000,923853000
59,V8S,13360,894974000,66989.07186,806205000,791635000
59,V8T,16580,725743000,43772.19542,670849000,647151000
59,V8V,21310,1040685000,48835.52323,955198000,928799000
59,V8W,6770,429608000,63457.60709,398786000,383362000
59,V8X,19080,982957000,51517.66247,897048000,876044000
59,V8Y,8380,552900000,65978.52029,498958000,491098000
59,V8Z,24530,1129313000,46038.03506,1032744000,1009592000
59,V9A,30830,1384052000,44893.02627,1269561000,1232549000
59,V9B,35220,1691648000,48030.89154,1545919000,1511916000
59,V9C,18080,934789000,51702.93142,850322000,835383000
59,V9E,4290,258791000,60324.24242,234705000,230780000
59,V9G,12660,560639000,44284.2812,513071000,495452000
59,V9H,7720,383063000,49619.55959,352004000,342912000
59,V9J,7430,339906000,45747.77927,313781000,305213000
59,V9K,14060,634181000,45105.33428,578981000,561934000
59,V9L,28380,1156445000,40748.59056,1069865000,1020794000
59,V9M,14550,704434000,48414.7079,638437000,623199000
59,V9N,25220,1070981000,42465.54322,980109000,942583000
59,V9P,23370,1105590000,47308.08729,1003774000,973177000
59,V9R,22650,855805000,37783.88521,795164000,756477000
59,V9S,13170,507194000,38511.31359,469731000,449312000
59,V9T,27470,1282614000,46691.44521,1175307000,1146581000
59,V9V,9090,463856000,51029.26293,420745000,412020000
59,V9W,23950,1022093000,42676.11691,948248000,910105000
59,V9X,8200,373473000,45545.4878,343440000,333811000
59,V9Y,20770,791309000,38098.6519,734759000,695092000
59,V9Z,13920,617394000,44353.01724,567375000,552302000
60,Y0A,1360,58228000,42814.70588,54571000,46346000
60,Y0B,5200,231645000,44547.11538,217266000,187816000
60,Y1A,22140,1280957000,57857.1364,1170512000,1049165000
61,X0E,16110,783874000,48657.60397,733233000,647870000
61,X0G,390,11675000,29935.89744,11009000,9298000
61,X1A,15400,1094916000,71098.44156,1001739000,923933000
62,X0A,11420,599736000,52516.28722,556226000,493234000
62,X0B,3850,158239000,41101.03896,148288000,127492000
62,X0C,6170,281751000,45664.66775,265332000,235386000
